,Photo_Name,T_SG,SGZM,SGHU,SGHO,SGHS,SGCR,SGSI,SGZMHU,transect,bank
1,WA15,54.2,41.7,0,12.5,0,0,0,41.7,MBWAT15,WA
2,WA15,70.8,70.8,0,0,0,0,0,70.8,MBWAT15,WA
3,WA15,4.2,4.2,0,0,0,0,0,4.2,MBWAT15,WA
4,WA15,33.3,25,0,8.3,0,0,0,25,MBWAT15,WA
5,WA15,66.7,54.2,0,12.5,0,0,0,54.2,MBWAT15,WA
6,WA15,54.2,45.8,0,8.3,0,0,0,45.8,MBWAT15,WA
7,WA15,29.2,8.3,0,20.8,0,0,0,8.3,MBWAT15,WA
8,WA15,54.2,50,0,4.2,0,0,0,50,MBWAT15,WA
9,WA15,62.5,58.3,0,4.2,0,0,0,58.3,MBWAT15,WA
10,WA15,4.2,0,0,4.2,0,0,0,0,MBWAT15,WA
11,WA15,8.3,0,0,8.3,0,0,0,0,MBWAT15,WA
12,WA15,37.5,25,0,12.5,0,0,0,25,MBWAT15,WA
13,WA15,8.3,4.2,0,4.2,0,0,0,4.2,MBWAT15,WA
14,WA15,45.8,41.7,0,4.2,0,0,0,41.7,MBWAT15,WA
15,WA15,62.5,58.3,0,4.2,0,0,0,58.3,MBWAT15,WA
16,WA15,37.5,37.5,0,0,0,0,0,37.5,MBWAT15,WA
17,WA15,54.2,45.8,0,8.3,0,0,0,45.8,MBWAT15,WA
18,WA15,29.2,29.2,0,0,0,0,0,29.2,MBWAT15,WA
19,WA15,41.7,33.3,0,8.3,0,0,0,33.3,MBWAT15,WA
20,WA15,29.2,25,0,4.2,0,0,0,25,MBWAT15,WA
21,WA15,70.8,62.5,0,8.3,0,0,0,62.5,MBWAT15,WA
22,WA15,29.2,29.2,0,0,0,0,0,29.2,MBWAT15,WA
23,WA15,54.2,54.2,0,0,0,0,0,54.2,MBWAT15,WA
24,WA15,54.2,50,0,4.2,0,0,0,50,MBWAT15,WA
25,WA15,62.5,58.3,0,4.2,0,0,0,58.3,MBWAT15,WA
26,WA15,58.3,54.2,0,4.2,0,0,0,54.2,MBWAT15,WA
27,WA15,87.5,87.5,0,0,0,0,0,87.5,MBWAT15,WA
28,WA15,58.3,58.3,0,0,0,0,0,58.3,MBWAT15,WA
29,WA15,95.8,95.8,0,0,0,0,0,95.8,MBWAT15,WA
30,WA15,87.5,87.5,0,0,0,0,0,87.5,MBWAT15,WA
31,AM16,16.7,0,0,0,16.7,0,0,0,MBAMT16,AM
32,AM16,29.2,0,0,0,29.2,0,0,0,MBAMT16,AM
33,AM16,16.7,0,0,0,16.7,0,0,0,MBAMT16,AM
34,AM16,41.7,0,0,0,41.7,0,0,0,MBAMT16,AM
35,AM16,25,0,0,4.2,20.8,0,0,0,MBAMT16,AM
36,AM16,20.8,0,0,0,20.8,0,0,0,MBAMT16,AM
37,AM16,4.2,0,0,4.2,0,0,0,0,MBAMT16,AM
38,AM16,8.3,8.3,0,0,0,0,0,8.3,MBAMT16,AM
39,AM16,41.7,41.7,0,0,0,0,0,41.7,MBAMT16,AM
40,AM16,50,50,0,0,0,0,0,50,MBAMT16,AM
41,AM16,33.3,33.3,0,0,0,0,0,33.3,MBAMT16,AM
42,AM16,20.8,20.8,0,0,0,0,0,20.8,MBAMT16,AM
43,AM16,29.2,29.2,0,0,0,0,0,29.2,MBAMT16,AM
44,AM16,25,0,0,0,25,0,0,0,MBAMT16,AM
45,AM16,50,0,0,0,50,0,0,0,MBAMT16,AM
46,AM16,45.8,45.8,0,0,0,0,0,45.8,MBAMT16,AM
47,AM16,25,20.8,0,4.2,0,0,0,20.8,MBAMT16,AM
48,AM16,25,25,0,0,0,0,0,25,MBAMT16,AM
49,AM16,16.7,12.5,0,4.2,0,0,0,12.5,MBAMT16,AM
50,AM16,37.5,29.2,0,4.2,4.2,0,0,29.2,MBAMT16,AM
51,AM16,29.2,29.2,0,0,0,0,0,29.2,MBAMT16,AM
52,AM16,37.5,37.5,0,0,0,0,0,37.5,MBAMT16,AM
53,AM16,23.8,14.4,0,0.7,8.7,0.1,0,14.4,MBAMT16,AM
54,MA10,20.8,0,0,8.3,12.5,0,0,0,MBMAT10,MA
55,MA10,12.5,0,0,8.3,4.2,0,0,0,MBMAT10,MA
56,MA10,4.2,0,0,4.2,0,0,0,0,MBMAT10,MA
57,MA10,12.5,0,0,12.5,0,0,0,0,MBMAT10,MA
58,MA10,4.2,0,0,4.2,0,0,0,0,MBMAT10,MA
59,MA10,4.2,0,0,4.2,0,0,0,0,MBMAT10,MA
60,MA10,16.7,0,0,12.5,4.2,0,0,0,MBMAT10,MA
61,MA10,4.2,0,0,4.2,0,0,0,0,MBMAT10,MA
62,MA10,4.2,0,0,4.2,0,0,0,0,MBMAT10,MA
63,MA10,16.7,0,0,8.3,8.3,0,0,0,MBMAT10,MA
64,MA10,8.3,0,0,4.2,4.2,0,0,0,MBMAT10,MA
65,MA10,16.7,0,0,12.5,4.2,0,0,0,MBMAT10,MA
66,MA10,4.2,0,0,4.2,0,0,0,0,MBMAT10,MA
67,MA10,20.8,0,0,20.8,0,0,0,0,MBMAT10,MA
68,MA10,4.2,0,0,4.2,0,0,0,0,MBMAT10,MA
69,MA10,8.3,0,0,4.2,4.2,0,0,0,MBMAT10,MA
70,MA10,25,0,0,12.5,12.5,0,0,0,MBMAT10,MA
71,MA10,33.3,0,0,33.3,0,0,0,0,MBMAT10,MA
72,MA10,16.7,0,0,8.3,8.3,0,0,0,MBMAT10,MA
73,MA10,8.3,0,0,4.2,4.2,0,0,0,MBMAT10,MA
74,MA10,12.5,0,0,12.5,0,0,0,0,MBMAT10,MA
75,MA10,16.7,0,0,12.5,4.2,0,0,0,MBMAT10,MA
76,MA10,8.3,0,0,8.3,0,0,0,0,MBMAT10,MA
77,MA10,8.3,0,0,8.3,0,0,0,0,MBMAT10,MA
78,MA10,4.2,0,0,4.2,0,0,0,0,MBMAT10,MA
79,MA10,12.5,0,0,12.5,0,0,0,0,MBMAT10,MA
80,AM10,16.7,4.2,0,12.5,0,0,0,4.2,MBAMT10,AM
81,AM10,12.5,0,0,12.5,0,0,0,0,MBAMT10,AM
82,AM10,20.8,4.2,0,16.7,0,0,0,4.2,MBAMT10,AM
83,AM10,29.2,0,0,29.2,0,0,0,0,MBAMT10,AM
84,AM10,16.7,4.2,0,12.5,0,0,0,4.2,MBAMT10,AM
85,AM10,20.8,0,0,20.8,0,0,0,0,MBAMT10,AM
86,AM10,16.7,8.3,0,8.3,0,0,0,8.3,MBAMT10,AM
87,AM10,29.2,29.2,0,0,0,0,0,29.2,MBAMT10,AM
88,AM10,4.2,4.2,0,0,0,0,0,4.2,MBAMT10,AM
89,AM10,8.3,0,0,8.3,0,0,0,0,MBAMT10,AM
90,AM10,8.3,0,0,8.3,0,0,0,0,MBAMT10,AM
91,AM10,12.5,0,0,4.2,8.3,0,0,0,MBAMT10,AM
92,AM10,4.2,0,0,4.2,0,0,0,0,MBAMT10,AM
93,AM10,12.5,0,0,12.5,0,0,0,0,MBAMT10,AM
94,AM10,20.8,0,0,20.8,0,0,0,0,MBAMT10,AM
95,AM10,29.2,0,0,29.2,0,0,0,0,MBAMT10,AM
96,AM10,20.8,0,0,20.8,0,0,0,0,MBAMT10,AM
97,AM10,29.2,0,0,29.2,0,0,0,0,MBAMT10,AM
98,AM10,25,4.2,0,20.8,0,0,0,4.2,MBAMT10,AM
99,AM10,12.5,0,0,12.5,0,0,0,0,MBAMT10,AM
100,AM10,20.8,0,0,20.8,0,0,0,0,MBAMT10,AM
101,AM10,33.3,0,0,33.3,0,0,0,0,MBAMT10,AM
102,AM10,25,0,0,25,0,0,0,0,MBAMT10,AM
103,AM10,16.7,12.5,0,4.2,0,0,0,12.5,MBAMT10,AM
104,AM10,16.7,16.7,0,0,0,0,0,16.7,MBAMT10,AM
105,AM10,29.2,29.2,0,0,0,0,0,29.2,MBAMT10,AM
106,AM10,29.2,29.2,0,0,0,0,0,29.2,MBAMT10,AM
107,AM10,33.3,33.3,0,0,0,0,0,33.3,MBAMT10,AM
108,AM10,8.3,8.3,0,0,0,0,0,8.3,MBAMT10,AM
109,AM10,29.2,29.2,0,0,0,0,0,29.2,MBAMT10,AM
110,AM10,17.2,5.3,0,11.7,0.2,0,0,5.3,MBAMT10,AM
111,WA03,87.5,0,0,0,0,87.5,0,0,MBWAT03,WA
112,WA03,66.7,0,0,0,0,66.7,0,0,MBWAT03,WA
113,WA03,50,0,0,0,0,50,0,0,MBWAT03,WA
114,WA03,70.8,0,0,0,0,70.8,0,0,MBWAT03,WA
115,WA03,58.3,0,0,0,0,58.3,0,0,MBWAT03,WA
116,WA03,66.7,0,0,0,0,66.7,0,0,MBWAT03,WA
117,WA03,45.8,0,0,0,0,45.8,0,0,MBWAT03,WA
118,WA03,45.8,0,0,0,0,45.8,0,0,MBWAT03,WA
119,WA03,62.5,0,0,0,0,62.5,0,0,MBWAT03,WA
120,WA03,12.5,0,0,0,0,0,12.5,0,MBWAT03,WA
121,WA03,4.2,0,0,0,0,0,4.2,0,MBWAT03,WA
122,WA03,33.3,0,0,0,0,0,33.3,0,MBWAT03,WA
123,WA03,33.3,0,0,0,0,0,33.3,0,MBWAT03,WA
124,WA03,16.7,0,0,0,0,0,16.7,0,MBWAT03,WA
125,WA03,58.3,0,0,0,0,0,58.3,0,MBWAT03,WA
126,WA03,50,0,0,0,0,0,50,0,MBWAT03,WA
127,WA03,45.8,0,0,0,0,0,45.8,0,MBWAT03,WA
128,WA03,66.7,0,0,0,0,66.7,0,0,MBWAT03,WA
129,WA03,62.5,0,0,0,0,62.5,0,0,MBWAT03,WA
130,WA03,79.2,0,0,0,0,79.2,0,0,MBWAT03,WA
131,WA03,62.5,0,0,0,0,62.5,0,0,MBWAT03,WA
132,WA03,75,0,0,0,0,75,0,0,MBWAT03,WA
133,WA03,87.5,0,0,0,0,87.5,0,0,MBWAT03,WA
134,WA03,70.8,0,0,0,0,70.8,0,0,MBWAT03,WA
135,WA03,91.7,0,0,0,0,91.7,0,0,MBWAT03,WA
136,WA03,75,0,0,0,0,75,0,0,MBWAT03,WA
137,WA03,37.5,0,0,0,0,37.5,0,0,MBWAT03,WA
138,WA03,41.7,0,0,0,0,25,16.7,0,MBWAT03,WA
139,WA03,16.7,0,0,0,0,0,16.7,0,MBWAT03,WA
140,WA03,29.2,0,0,0,0,0,29.2,0,MBWAT03,WA
141,WA03,58.3,0,0,0,0,0,58.3,0,MBWAT03,WA
142,WA03,4.2,0,0,0,0,0,4.2,0,MBWAT03,WA
143,WA03,50.9,0,0,0,0,38.3,12.7,0,MBWAT03,WA
144,AM12,29.2,16.7,0,12.5,0,0,0,16.7,MBAMT12,AM
145,AM12,41.7,0,0,41.7,0,0,0,0,MBAMT12,AM
146,AM12,25,4.2,0,20.8,0,0,0,4.2,MBAMT12,AM
147,AM12,20.8,4.2,0,16.7,0,0,0,4.2,MBAMT12,AM
148,AM12,25,4.2,0,20.8,0,0,0,4.2,MBAMT12,AM
149,AM12,33.3,8.3,0,12.5,12.5,0,0,8.3,MBAMT12,AM
150,AM12,37.5,33.3,0,4.2,0,0,0,33.3,MBAMT12,AM
151,AM12,20.8,8.3,0,12.5,0,0,0,8.3,MBAMT12,AM
152,AM12,16.7,8.3,0,8.3,0,0,0,8.3,MBAMT12,AM
153,AM12,33.3,16.7,0,16.7,0,0,0,16.7,MBAMT12,AM
154,AM12,20.8,4.2,0,16.7,0,0,0,4.2,MBAMT12,AM
155,AM12,20.8,8.3,0,12.5,0,0,0,8.3,MBAMT12,AM
156,AM12,16.7,4.2,0,12.5,0,0,0,4.2,MBAMT12,AM
157,AM12,20.8,4.2,0,16.7,0,0,0,4.2,MBAMT12,AM
158,AM12,33.3,8.3,0,20.8,4.2,0,0,8.3,MBAMT12,AM
159,AM12,25,4.2,0,16.7,4.2,0,0,4.2,MBAMT12,AM
160,AM12,16.7,0,0,8.3,8.3,0,0,0,MBAMT12,AM
161,AM12,20.8,0,0,16.7,4.2,0,0,0,MBAMT12,AM
162,AM12,25,8.3,0,8.3,8.3,0,0,8.3,MBAMT12,AM
163,AM12,29.2,4.2,0,8.3,16.7,0,0,4.2,MBAMT12,AM
164,AM12,33.3,16.7,0,12.5,4.2,0,0,16.7,MBAMT12,AM
165,AM12,29.2,20.8,0,8.3,0,0,0,20.8,MBAMT12,AM
166,AM12,20.8,0,0,0,20.8,0,0,0,MBAMT12,AM
167,AM12,16.7,0,0,0,16.7,0,0,0,MBAMT12,AM
168,AM12,12.5,0,0,0,12.5,0,0,0,MBAMT12,AM
169,AM12,16.7,8.3,0,4.2,4.2,0,0,8.3,MBAMT12,AM
170,AM12,16.7,12.5,0,0,4.2,0,0,12.5,MBAMT12,AM
171,AM12,12.5,0,0,0,12.5,0,0,0,MBAMT12,AM
172,AM12,8.3,4.2,0,4.2,0,0,0,4.2,MBAMT12,AM
173,AM12,16.7,8.3,0,0,8.3,0,0,8.3,MBAMT12,AM
174,AM12,16.7,4.2,0,12.5,0,0,0,4.2,MBAMT12,AM
175,AM12,29.2,12.5,0,16.7,0,0,0,12.5,MBAMT12,AM
176,AM12,16.7,4.2,0,4.2,8.3,0,0,4.2,MBAMT12,AM
177,AM12,25,4.2,0,16.7,4.2,0,0,4.2,MBAMT12,AM
178,AM12,33.3,4.2,0,25,4.2,0,0,4.2,MBAMT12,AM
179,AM12,16.7,0,0,12.5,4.2,0,0,0,MBAMT12,AM
180,AM12,23.9,7.8,0,12,4.1,0,0,7.8,MBAMT12,AM
181,WA01,33.3,25,0,8.3,0,0,0,25,MBWAT01,WA
182,WA01,29.2,29.2,0,0,0,0,0,29.2,MBWAT01,WA
183,WA01,41.7,41.7,0,0,0,0,0,41.7,MBWAT01,WA
184,WA01,41.7,41.7,0,0,0,0,0,41.7,MBWAT01,WA
185,WA01,37.5,37.5,0,0,0,0,0,37.5,MBWAT01,WA
186,WA01,37.5,37.5,0,0,0,0,0,37.5,MBWAT01,WA
187,WA01,29.2,29.2,0,0,0,0,0,29.2,MBWAT01,WA
188,WA01,41.7,41.7,0,0,0,0,0,41.7,MBWAT01,WA
189,WA01,41.7,41.7,0,0,0,0,0,41.7,MBWAT01,WA
190,WA01,41.7,41.7,0,0,0,0,0,41.7,MBWAT01,WA
191,WA01,37.5,37.5,0,0,0,0,0,37.5,MBWAT01,WA
192,WA01,20.8,20.8,0,0,0,0,0,20.8,MBWAT01,WA
193,WA01,8.3,8.3,0,0,0,0,0,8.3,MBWAT01,WA
194,WA01,8.3,8.3,0,0,0,0,0,8.3,MBWAT01,WA
195,WA01,8.3,8.3,0,0,0,0,0,8.3,MBWAT01,WA
196,WA01,79.2,0,0,0,0,79.2,0,0,MBWAT01,WA
197,WA01,25,0,0,0,0,25,0,0,MBWAT01,WA
198,WA01,100,0,0,0,0,100,0,0,MBWAT01,WA
199,WA01,100,0,0,0,0,100,0,0,MBWAT01,WA
200,WA01,75,0,0,0,0,75,0,0,MBWAT01,WA
201,WA01,100,0,0,0,0,100,0,0,MBWAT01,WA
202,WA01,100,0,0,0,0,100,0,0,MBWAT01,WA
203,WA01,54.2,0,0,0,0,54.2,0,0,MBWAT01,WA
204,WA01,70.8,0,0,0,0,70.8,0,0,MBWAT01,WA
205,MA02,20.8,0,0,8.3,12.5,0,0,0,MBMAT02,MA
206,MA02,16.7,0,0,8.3,8.3,0,0,0,MBMAT02,MA
207,MA02,8.3,0,0,0,8.3,0,0,0,MBMAT02,MA
208,MA02,16.7,0,0,0,16.7,0,0,0,MBMAT02,MA
209,MA02,8.3,0,0,0,8.3,0,0,0,MBMAT02,MA
210,MA02,25,0,0,0,25,0,0,0,MBMAT02,MA
211,MA02,29.2,0,0,0,29.2,0,0,0,MBMAT02,MA
212,MA02,25,0,0,8.3,16.7,0,0,0,MBMAT02,MA
213,MA02,16.7,0,0,0,16.7,0,0,0,MBMAT02,MA
214,MA02,4.2,0,0,4.2,0,0,0,0,MBMAT02,MA
215,MA02,4.2,0,0,4.2,0,0,0,0,MBMAT02,MA
216,MA02,4.2,0,0,0,4.2,0,0,0,MBMAT02,MA
217,MA02,20.8,0,0,0,20.8,0,0,0,MBMAT02,MA
218,MA02,25,0,0,0,25,0,0,0,MBMAT02,MA
219,MA02,12.5,0,0,0,12.5,0,0,0,MBMAT02,MA
220,MA02,4.2,0,0,0,4.2,0,0,0,MBMAT02,MA
221,MA02,12.5,0,0,4.2,8.3,0,0,0,MBMAT02,MA
222,MA02,4.2,0,0,4.2,0,0,0,0,MBMAT02,MA
223,MA02,16.7,0,0,12.5,4.2,0,0,0,MBMAT02,MA
224,MA02,29.2,0,0,20.8,8.3,0,0,0,MBMAT02,MA
225,MA02,16.7,0,0,16.7,0,0,0,0,MBMAT02,MA
226,MA02,37.5,0,0,8.3,29.2,0,0,0,MBMAT02,MA
227,MA02,20.8,0,0,20.8,0,0,0,0,MBMAT02,MA
228,MA02,37.5,4.2,0,4.2,29.2,0,0,4.2,MBMAT02,MA
229,MA02,20.8,4.2,0,0,16.7,0,0,4.2,MBMAT02,MA
230,MA02,4.2,0,0,0,4.2,0,0,0,MBMAT02,MA
231,MA02,4.2,0,0,0,4.2,0,0,0,MBMAT02,MA
232,MA02,20.8,0,0,20.8,0,0,0,0,MBMAT02,MA
233,MA02,12.5,0,0,8.3,4.2,0,0,0,MBMAT02,MA
234,MA02,4.2,0,0,0,4.2,0,0,0,MBMAT02,MA
235,MA07,12.5,0,0,0,12.5,0,0,0,MBMAT07,MA
236,MA07,41.7,0,0,0,41.7,0,0,0,MBMAT07,MA
237,MA07,12.5,0,0,0,12.5,0,0,0,MBMAT07,MA
238,MA07,12.5,0,0,0,12.5,0,0,0,MBMAT07,MA
239,MA07,16.7,0,0,0,16.7,0,0,0,MBMAT07,MA
240,MA07,37.5,0,0,0,37.5,0,0,0,MBMAT07,MA
241,MA07,20.8,12.5,0,0,8.3,0,0,12.5,MBMAT07,MA
242,MA07,33.3,33.3,0,0,0,0,0,33.3,MBMAT07,MA
243,MA07,29.2,29.2,0,0,0,0,0,29.2,MBMAT07,MA
244,MA07,58.3,58.3,0,0,0,0,0,58.3,MBMAT07,MA
245,MA07,54.2,45.8,0,8.3,0,0,0,45.8,MBMAT07,MA
246,MA07,20.8,20.8,0,0,0,0,0,20.8,MBMAT07,MA
247,MA07,37.5,33.3,0,4.2,0,0,0,33.3,MBMAT07,MA
248,MA07,25,25,0,0,0,0,0,25,MBMAT07,MA
249,MA07,29.2,29.2,0,0,0,0,0,29.2,MBMAT07,MA
250,MA07,25,25,0,0,0,0,0,25,MBMAT07,MA
251,MA07,29.2,29.2,0,0,0,0,0,29.2,MBMAT07,MA
252,MA07,41.7,41.7,0,0,0,0,0,41.7,MBMAT07,MA
253,MA07,4.2,4.2,0,0,0,0,0,4.2,MBMAT07,MA
254,MA07,16.8,11.5,0,1.3,4,0,0,11.5,MBMAT07,MA
255,AM17,16.7,4.2,0,0,12.5,0,0,4.2,MBAMT17,AM
256,AM17,16.7,4.2,0,0,12.5,0,0,4.2,MBAMT17,AM
257,AM17,4.2,0,0,0,4.2,0,0,0,MBAMT17,AM
258,AM17,12.5,0,0,0,12.5,0,0,0,MBAMT17,AM
259,AM17,25,0,0,0,25,0,0,0,MBAMT17,AM
260,AM17,20.8,0,0,0,20.8,0,0,0,MBAMT17,AM
261,AM17,4.2,0,0,0,4.2,0,0,0,MBAMT17,AM
262,AM17,4.2,0,0,0,4.2,0,0,0,MBAMT17,AM
263,AM17,8.3,0,0,0,8.3,0,0,0,MBAMT17,AM
264,AM17,8.3,0,0,0,8.3,0,0,0,MBAMT17,AM
265,AM17,4.2,0,0,0,4.2,0,0,0,MBAMT17,AM
266,AM17,4.2,0,0,0,4.2,0,0,0,MBAMT17,AM
267,AM17,20.8,0,0,0,20.8,0,0,0,MBAMT17,AM
268,AM17,4.2,0,0,0,4.2,0,0,0,MBAMT17,AM
269,AM17,4.2,0,0,0,4.2,0,0,0,MBAMT17,AM
270,AM17,12.5,0,0,0,12.5,0,0,0,MBAMT17,AM
271,AM17,8.3,0,0,0,8.3,0,0,0,MBAMT17,AM
272,AM17,12.5,0,0,0,12.5,0,0,0,MBAMT17,AM
273,AM17,12.5,0,0,0,12.5,0,0,0,MBAMT17,AM
274,AM17,12.5,0,0,0,12.5,0,0,0,MBAMT17,AM
275,AM17,12.5,0,0,0,12.5,0,0,0,MBAMT17,AM
276,AM17,16.7,0,0,0,16.7,0,0,0,MBAMT17,AM
277,AM17,4.2,0,0,0,4.2,0,0,0,MBAMT17,AM
278,AM17,16.7,0,0,0,16.7,0,0,0,MBAMT17,AM
279,AM17,4.2,0,0,0,4.2,0,0,0,MBAMT17,AM
280,AM17,4.2,0,0,0,4.2,0,0,0,MBAMT17,AM
281,AM17,8.3,0,0,0,8.3,0,0,0,MBAMT17,AM
282,AM17,9.9,1,0,0,8.9,0,0,1,MBAMT17,AM
283,WA09,12.5,8.3,0,4.2,0,0,0,8.3,MBWAT09,WA
284,WA09,50,45.8,0,4.2,0,0,0,45.8,MBWAT09,WA
285,WA09,29.2,29.2,0,0,0,0,0,29.2,MBWAT09,WA
286,WA09,54.2,54.2,0,0,0,0,0,54.2,MBWAT09,WA
287,WA09,54.2,54.2,0,0,0,0,0,54.2,MBWAT09,WA
288,WA09,8.3,4.2,0,4.2,0,0,0,4.2,MBWAT09,WA
289,WA09,25,16.7,0,8.3,0,0,0,16.7,MBWAT09,WA
290,WA09,45.8,37.5,0,8.3,0,0,0,37.5,MBWAT09,WA
291,WA09,66.7,66.7,0,0,0,0,0,66.7,MBWAT09,WA
292,WA09,20.8,20.8,0,0,0,0,0,20.8,MBWAT09,WA
293,WA09,29.2,29.2,0,0,0,0,0,29.2,MBWAT09,WA
294,WA09,8.3,8.3,0,0,0,0,0,8.3,MBWAT09,WA
295,WA09,4.2,4.2,0,0,0,0,0,4.2,MBWAT09,WA
296,WA09,25,25,0,0,0,0,0,25,MBWAT09,WA
297,WA09,4.2,0,0,4.2,0,0,0,0,MBWAT09,WA
298,WA09,20.8,20.8,0,0,0,0,0,20.8,MBWAT09,WA
299,WA09,20.8,20.8,0,0,0,0,0,20.8,MBWAT09,WA
300,WA09,12.5,8.3,0,4.2,0,0,0,8.3,MBWAT09,WA
301,WA09,14,13.1,0,0.9,0,0,0,13.1,MBWAT09,WA
302,AM15,4.2,0,0,4.2,0,0,0,0,MBAMT15,AM
303,AM15,16.7,0,0,12.5,4.2,0,0,0,MBAMT15,AM
304,AM15,4.2,0,0,4.2,0,0,0,0,MBAMT15,AM
305,AM15,12.5,4.2,0,8.3,0,0,0,4.2,MBAMT15,AM
306,AM15,8.3,0,0,8.3,0,0,0,0,MBAMT15,AM
307,AM15,4.2,4.2,0,0,0,0,0,4.2,MBAMT15,AM
308,AM15,16.7,0,0,16.7,0,0,0,0,MBAMT15,AM
309,AM15,12.5,0,0,12.5,0,0,0,0,MBAMT15,AM
310,AM15,41.7,0,0,41.7,0,0,0,0,MBAMT15,AM
311,AM15,20.8,0,0,20.8,0,0,0,0,MBAMT15,AM
312,AM15,20.8,4.2,0,16.7,0,0,0,4.2,MBAMT15,AM
313,AM15,29.2,8.3,0,20.8,0,0,0,8.3,MBAMT15,AM
314,AM15,29.2,0,0,29.2,0,0,0,0,MBAMT15,AM
315,AM15,20.8,20.8,0,0,0,0,0,20.8,MBAMT15,AM
316,AM15,33.3,33.3,0,0,0,0,0,33.3,MBAMT15,AM
317,AM15,4.2,4.2,0,0,0,0,0,4.2,MBAMT15,AM
318,AM15,8.3,8.3,0,0,0,0,0,8.3,MBAMT15,AM
319,AM15,12.5,12.5,0,0,0,0,0,12.5,MBAMT15,AM
320,AM15,8.3,8.3,0,0,0,0,0,8.3,MBAMT15,AM
321,AM15,4.2,4.2,0,0,0,0,0,4.2,MBAMT15,AM
322,AM15,8.3,8.3,0,0,0,0,0,8.3,MBAMT15,AM
323,AM15,16.7,16.7,0,0,0,0,0,16.7,MBAMT15,AM
324,AM15,20.8,20.8,0,0,0,0,0,20.8,MBAMT15,AM
325,AM15,20.8,20.8,0,0,0,0,0,20.8,MBAMT15,AM
326,AM15,4.2,4.2,0,0,0,0,0,4.2,MBAMT15,AM
327,AM15,16.7,16.7,0,0,0,0,0,16.7,MBAMT15,AM
328,AM15,33.3,33.3,0,0,0,0,0,33.3,MBAMT15,AM
329,AM15,20.8,20.8,0,0,0,0,0,20.8,MBAMT15,AM
330,AM15,29.2,29.2,0,0,0,0,0,29.2,MBAMT15,AM
331,AM15,29.2,29.2,0,0,0,0,0,29.2,MBAMT15,AM
332,AM15,29.2,29.2,0,0,0,0,0,29.2,MBAMT15,AM
333,AM15,37.5,37.5,0,0,0,0,0,37.5,MBAMT15,AM
334,AM15,4.2,4.2,0,0,0,0,0,4.2,MBAMT15,AM
335,WA06,87.5,0,0,0,0,87.5,0,0,MBWAT06,WA
336,WA06,83.3,0,0,0,0,83.3,0,0,MBWAT06,WA
337,WA06,95.8,0,0,0,0,95.8,0,0,MBWAT06,WA
338,WA06,87.5,0,0,0,0,87.5,0,0,MBWAT06,WA
339,WA06,83.3,0,0,0,0,83.3,0,0,MBWAT06,WA
340,WA06,54.2,0,0,0,0,54.2,0,0,MBWAT06,WA
341,WA06,95.8,0,0,0,0,95.8,0,0,MBWAT06,WA
342,WA06,79.2,0,0,0,0,79.2,0,0,MBWAT06,WA
343,WA06,95.8,0,0,0,0,95.8,0,0,MBWAT06,WA
344,WA06,66.7,0,0,0,0,66.7,0,0,MBWAT06,WA
345,WA06,41.7,0,0,0,0,41.7,0,0,MBWAT06,WA
346,WA06,83.3,0,0,0,0,83.3,0,0,MBWAT06,WA
347,WA06,62.5,0,0,0,0,62.5,0,0,MBWAT06,WA
348,WA06,79.2,0,0,0,0,79.2,0,0,MBWAT06,WA
349,WA06,75,0,0,0,0,75,0,0,MBWAT06,WA
350,WA06,70.8,0,0,0,0,70.8,0,0,MBWAT06,WA
351,WA06,70.8,0,0,0,0,70.8,0,0,MBWAT06,WA
352,WA06,54.2,0,0,0,0,54.2,0,0,MBWAT06,WA
353,WA06,87.5,0,0,0,0,87.5,0,0,MBWAT06,WA
354,WA06,45.8,0,0,0,0,45.8,0,0,MBWAT06,WA
355,WA06,95.8,0,0,0,0,95.8,0,0,MBWAT06,WA
356,WA06,75,0,0,0,0,75,0,0,MBWAT06,WA
357,WA06,91.7,0,0,0,0,91.7,0,0,MBWAT06,WA
358,WA06,95.8,0,0,0,0,95.8,0,0,MBWAT06,WA
359,WA06,95.8,0,0,0,0,95.8,0,0,MBWAT06,WA
360,WA06,87.5,0,0,0,0,87.5,0,0,MBWAT06,WA
361,WA06,91.7,0,0,0,0,91.7,0,0,MBWAT06,WA
362,WA06,83.3,0,0,0,0,83.3,0,0,MBWAT06,WA
363,WA06,87.5,0,0,0,0,87.5,0,0,MBWAT06,WA
364,WA06,75,0,0,0,0,75,0,0,MBWAT06,WA
365,WA06,54.2,0,0,0,0,54.2,0,0,MBWAT06,WA
366,WA06,41.7,0,0,0,0,41.7,0,0,MBWAT06,WA
367,WA06,77.3,0,0,0,0,77.3,0,0,MBWAT06,WA
368,AM09,4.2,4.2,0,0,0,0,0,4.2,MBAMT09,AM
369,AM09,8.3,0,0,8.3,0,0,0,0,MBAMT09,AM
370,AM09,12.5,0,0,12.5,0,0,0,0,MBAMT09,AM
371,AM09,20.8,8.3,0,12.5,0,0,0,8.3,MBAMT09,AM
372,AM09,33.3,8.3,0,25,0,0,0,8.3,MBAMT09,AM
373,AM09,20.8,12.5,0,8.3,0,0,0,12.5,MBAMT09,AM
374,AM09,12.5,0,0,12.5,0,0,0,0,MBAMT09,AM
375,AM09,8.3,0,0,8.3,0,0,0,0,MBAMT09,AM
376,AM09,8.3,0,0,8.3,0,0,0,0,MBAMT09,AM
377,AM09,8.3,0,0,8.3,0,0,0,0,MBAMT09,AM
378,AM09,4.2,0,0,4.2,0,0,0,0,MBAMT09,AM
379,AM09,8.3,0,0,8.3,0,0,0,0,MBAMT09,AM
380,AM09,20.8,0,0,20.8,0,0,0,0,MBAMT09,AM
381,AM09,12.5,0,0,12.5,0,0,0,0,MBAMT09,AM
382,AM09,16.7,4.2,0,12.5,0,0,0,4.2,MBAMT09,AM
383,AM09,16.7,12.5,0,4.2,0,0,0,12.5,MBAMT09,AM
384,AM09,4.2,4.2,0,0,0,0,0,4.2,MBAMT09,AM
385,AM09,20.8,4.2,0,16.7,0,0,0,4.2,MBAMT09,AM
386,AM09,20.8,0,0,20.8,0,0,0,0,MBAMT09,AM
387,AM09,8.3,0,0,8.3,0,0,0,0,MBAMT09,AM
388,AM09,20.8,0,0,20.8,0,0,0,0,MBAMT09,AM
389,AM09,4.2,0,0,4.2,0,0,0,0,MBAMT09,AM
390,AM09,16.7,12.5,0,4.2,0,0,0,12.5,MBAMT09,AM
391,AM09,16.7,16.7,0,0,0,0,0,16.7,MBAMT09,AM
392,AM09,16.7,16.7,0,0,0,0,0,16.7,MBAMT09,AM
393,AM09,16.7,12.5,0,4.2,0,0,0,12.5,MBAMT09,AM
394,AM09,16.7,16.7,0,0,0,0,0,16.7,MBAMT09,AM
395,AM09,41.7,41.7,0,0,0,0,0,41.7,MBAMT09,AM
396,AM09,4.2,4.2,0,0,0,0,0,4.2,MBAMT09,AM
397,AM09,37.5,0,0,37.5,0,0,0,0,MBAMT09,AM
398,AM09,13.2,4.9,0,8.2,0,0,0,4.9,MBAMT09,AM
399,AM11,37.5,0,0,0,0,37.5,0,0,MBAMT11,AM
400,AM11,58.3,0,0,0,0,58.3,0,0,MBAMT11,AM
401,AM11,54.2,0,0,0,0,54.2,0,0,MBAMT11,AM
402,AM11,50,0,0,0,0,50,0,0,MBAMT11,AM
403,AM11,70.8,0,0,0,0,70.8,0,0,MBAMT11,AM
404,AM11,62.5,0,0,0,0,62.5,0,0,MBAMT11,AM
405,AM11,50,0,0,0,0,50,0,0,MBAMT11,AM
406,AM11,25,0,0,0,0,25,0,0,MBAMT11,AM
407,AM11,37.5,0,0,37.5,0,0,0,0,MBAMT11,AM
408,AM11,16.7,0,0,16.7,0,0,0,0,MBAMT11,AM
409,AM11,25,0,0,25,0,0,0,0,MBAMT11,AM
410,AM11,12.5,0,0,12.5,0,0,0,0,MBAMT11,AM
411,AM11,33.3,0,0,33.3,0,0,0,0,MBAMT11,AM
412,AM11,12.5,0,0,12.5,0,0,0,0,MBAMT11,AM
413,AM11,4.2,4.2,0,0,0,0,0,4.2,MBAMT11,AM
414,AM11,12.5,12.5,0,0,0,0,0,12.5,MBAMT11,AM
415,AM11,20.8,0,0,20.8,0,0,0,0,MBAMT11,AM
416,AM11,33.3,0,0,33.3,0,0,0,0,MBAMT11,AM
417,AM11,25,12.5,0,12.5,0,0,0,12.5,MBAMT11,AM
418,AM11,41.7,20.8,0,20.8,0,0,0,20.8,MBAMT11,AM
419,AM11,20.8,8.3,0,12.5,0,0,0,8.3,MBAMT11,AM
420,AM11,29.2,0,0,29.2,0,0,0,0,MBAMT11,AM
421,AM11,29.2,12.5,0,16.7,0,0,0,12.5,MBAMT11,AM
422,AM11,50,12.5,0,37.5,0,0,0,12.5,MBAMT11,AM
423,AM11,33.3,0,0,33.3,0,0,0,0,MBAMT11,AM
424,AM11,37.5,4.2,0,33.3,0,0,0,4.2,MBAMT11,AM
425,AM11,20.8,0,0,20.8,0,0,0,0,MBAMT11,AM
426,AM11,16.7,0,0,16.7,0,0,0,0,MBAMT11,AM
427,AM11,4.2,0,0,4.2,0,0,0,0,MBAMT11,AM
428,AM11,16.7,8.3,0,4.2,4.2,0,0,8.3,MBAMT11,AM
429,AM11,12.5,4.2,0,0,8.3,0,0,4.2,MBAMT11,AM
430,AM11,16.7,4.2,0,12.5,0,0,0,4.2,MBAMT11,AM
431,AM11,16.7,0,0,16.7,0,0,0,0,MBAMT11,AM
432,AM11,33.3,0,0,33.3,0,0,0,0,MBAMT11,AM
433,AM07,33.3,0,0,33.3,0,0,0,0,MBAMT07,AM
434,AM07,25,0,0,25,0,0,0,0,MBAMT07,AM
435,AM07,25,4.2,0,20.8,0,0,0,4.2,MBAMT07,AM
436,AM07,16.7,0,0,16.7,0,0,0,0,MBAMT07,AM
437,AM07,25,0,0,25,0,0,0,0,MBAMT07,AM
438,AM07,16.7,0,0,16.7,0,0,0,0,MBAMT07,AM
439,AM07,16.7,0,0,16.7,0,0,0,0,MBAMT07,AM
440,AM07,20.8,0,0,20.8,0,0,0,0,MBAMT07,AM
441,AM07,25,0,0,25,0,0,0,0,MBAMT07,AM
442,AM07,16.7,0,0,16.7,0,0,0,0,MBAMT07,AM
443,AM07,25,0,0,25,0,0,0,0,MBAMT07,AM
444,AM07,29.2,0,0,29.2,0,0,0,0,MBAMT07,AM
445,AM07,33.3,0,0,33.3,0,0,0,0,MBAMT07,AM
446,AM07,25,0,0,25,0,0,0,0,MBAMT07,AM
447,AM07,8.3,0,0,8.3,0,0,0,0,MBAMT07,AM
448,AM07,20.8,0,0,20.8,0,0,0,0,MBAMT07,AM
449,AM07,4.2,0,0,4.2,0,0,0,0,MBAMT07,AM
450,AM07,4.2,0,0,4.2,0,0,0,0,MBAMT07,AM
451,AM07,8.3,0,0,8.3,0,0,0,0,MBAMT07,AM
452,AM07,4.2,0,0,4.2,0,0,0,0,MBAMT07,AM
453,AM07,4.2,0,0,4.2,0,0,0,0,MBAMT07,AM
454,AM07,4.2,0,0,4.2,0,0,0,0,MBAMT07,AM
455,AM07,4.2,0,0,4.2,0,0,0,0,MBAMT07,AM
456,AM07,8.3,0,0,8.3,0,0,0,0,MBAMT07,AM
457,WA0,41.7,41.7,0,0,0,0,0,41.7,MBWAT0,WA
458,WA0,45.8,45.8,0,0,0,0,0,45.8,MBWAT0,WA
459,WA0,33.3,25,0,8.3,0,0,0,25,MBWAT0,WA
460,WA0,62.5,62.5,0,0,0,0,0,62.5,MBWAT0,WA
461,WA0,25,25,0,0,0,0,0,25,MBWAT0,WA
462,WA0,33.3,33.3,0,0,0,0,0,33.3,MBWAT0,WA
463,WA0,79.2,79.2,0,0,0,0,0,79.2,MBWAT0,WA
464,WA0,41.7,41.7,0,0,0,0,0,41.7,MBWAT0,WA
465,WA0,20.8,20.8,0,0,0,0,0,20.8,MBWAT0,WA
466,WA0,50,50,0,0,0,0,0,50,MBWAT0,WA
467,WA0,66.7,66.7,0,0,0,0,0,66.7,MBWAT0,WA
468,WA0,58.3,58.3,0,0,0,0,0,58.3,MBWAT0,WA
469,WA0,79.2,79.2,0,0,0,0,0,79.2,MBWAT0,WA
470,WA0,50,50,0,0,0,0,0,50,MBWAT0,WA
471,WA0,100,100,0,0,0,0,0,100,MBWAT0,WA
472,WA0,66.7,66.7,0,0,0,0,0,66.7,MBWAT0,WA
473,WA0,62.5,62.5,0,0,0,0,0,62.5,MBWAT0,WA
474,WA0,50,50,0,0,0,0,0,50,MBWAT0,WA
475,WA0,66.7,66.7,0,0,0,0,0,66.7,MBWAT0,WA
476,WA0,70.8,70.8,0,0,0,0,0,70.8,MBWAT0,WA
477,WA0,66.7,66.7,0,0,0,0,0,66.7,MBWAT0,WA
478,WA0,58.3,58.3,0,0,0,0,0,58.3,MBWAT0,WA
479,WA0,33.3,33.3,0,0,0,0,0,33.3,MBWAT0,WA
480,WA0,79.2,79.2,0,0,0,0,0,79.2,MBWAT0,WA
481,WA0,79.2,79.2,0,0,0,0,0,79.2,MBWAT0,WA
482,WA0,75,75,0,0,0,0,0,75,MBWAT0,WA
483,WA0,54.2,54.2,0,0,0,0,0,54.2,MBWAT0,WA
484,WA0,41.7,41.7,0,0,0,0,0,41.7,MBWAT0,WA
485,WA0,62.5,62.5,0,0,0,0,0,62.5,MBWAT0,WA
486,WA0,95.8,95.8,0,0,0,0,0,95.8,MBWAT0,WA
487,WA0,52,51.9,0,0.2,0,0,0,51.9,MBWAT0,WA
488,MA4,12.5,0,0,12.5,0,0,0,0,MBMAT4,MA
489,MA4,12.5,0,0,12.5,0,0,0,0,MBMAT4,MA
490,MA4,20.8,0,0,20.8,0,0,0,0,MBMAT4,MA
491,MA4,8.3,0,0,8.3,0,0,0,0,MBMAT4,MA
492,MA4,12.5,0,0,12.5,0,0,0,0,MBMAT4,MA
493,MA4,25,0,0,25,0,0,0,0,MBMAT4,MA
494,MA4,4.2,0,0,4.2,0,0,0,0,MBMAT4,MA
495,MA4,4.2,0,0,4.2,0,0,0,0,MBMAT4,MA
496,MA4,16.7,0,0,16.7,0,0,0,0,MBMAT4,MA
497,MA4,4.2,0,0,4.2,0,0,0,0,MBMAT4,MA
498,MA4,4.2,0,0,4.2,0,0,0,0,MBMAT4,MA
499,MA4,20.8,0,0,20.8,0,0,0,0,MBMAT4,MA
500,MA4,29.2,0,0,29.2,0,0,0,0,MBMAT4,MA
501,MA4,25,0,0,25,0,0,0,0,MBMAT4,MA
502,MA4,29.2,0,0,29.2,0,0,0,0,MBMAT4,MA
503,MA4,20.8,0,0,20.8,0,0,0,0,MBMAT4,MA
504,MA4,16.7,0,0,16.7,0,0,0,0,MBMAT4,MA
505,MA4,16.7,0,0,16.7,0,0,0,0,MBMAT4,MA
506,MA4,4.2,0,0,0,4.2,0,0,0,MBMAT4,MA
507,MA4,25,0,0,0,25,0,0,0,MBMAT4,MA
508,MA5,12.5,8.3,0,0,4.2,0,0,8.3,MBMAT5,MA
509,MA5,4.2,4.2,0,0,0,0,0,4.2,MBMAT5,MA
510,MA5,29.2,25,0,4.2,0,0,0,25,MBMAT5,MA
511,MA5,12.5,0,0,12.5,0,0,0,0,MBMAT5,MA
512,MA5,25,4.2,0,20.8,0,0,0,4.2,MBMAT5,MA
513,MA5,29.2,4.2,0,25,0,0,0,4.2,MBMAT5,MA
514,MA5,16.7,4.2,0,12.5,0,0,0,4.2,MBMAT5,MA
515,MA5,20.8,8.3,0,12.5,0,0,0,8.3,MBMAT5,MA
516,MA5,20.8,4.2,0,16.7,0,0,0,4.2,MBMAT5,MA
517,MA5,29.2,16.7,0,12.5,0,0,0,16.7,MBMAT5,MA
518,MA5,12.5,0,0,12.5,0,0,0,0,MBMAT5,MA
519,MA5,25,16.7,0,8.3,0,0,0,16.7,MBMAT5,MA
520,MA5,12.5,8.3,0,4.2,0,0,0,8.3,MBMAT5,MA
521,MA5,33.3,0,0,33.3,0,0,0,0,MBMAT5,MA
522,MA5,16.7,0,0,16.7,0,0,0,0,MBMAT5,MA
523,MA5,37.5,0,0,37.5,0,0,0,0,MBMAT5,MA
524,MA5,12.5,0,0,12.5,0,0,0,0,MBMAT5,MA
525,MA5,20.8,12.5,0,8.3,0,0,0,12.5,MBMAT5,MA
526,MA5,16.7,0,0,16.7,0,0,0,0,MBMAT5,MA
527,MA5,8.3,0,0,8.3,0,0,0,0,MBMAT5,MA
528,MA5,16.7,8.3,0,8.3,0,0,0,8.3,MBMAT5,MA
529,MA5,12.5,0,0,12.5,0,0,0,0,MBMAT5,MA
530,MA5,25,4.2,0,20.8,0,0,0,4.2,MBMAT5,MA
531,MA5,8.3,0,0,8.3,0,0,0,0,MBMAT5,MA
532,MA5,16.7,4.2,0,12.5,0,0,0,4.2,MBMAT5,MA
533,MA5,8.3,0,0,8.3,0,0,0,0,MBMAT5,MA
534,MA5,54.2,45.8,0,8.3,0,0,0,45.8,MBMAT5,MA
535,MA5,20.8,20.8,0,0,0,0,0,20.8,MBMAT5,MA
536,MA5,25,0,0,25,0,0,0,0,MBMAT5,MA
537,MA5,20.8,4.2,0,16.7,0,0,0,4.2,MBMAT5,MA
538,MA5,29.2,0,0,29.2,0,0,0,0,MBMAT5,MA
539,MA5,33.3,4.2,0,29.2,0,0,0,4.2,MBMAT5,MA
540,MA5,19.6,5.4,0,14.1,0.1,0,0,5.4,MBMAT5,MA
541,MA03,12.5,0,0,12.5,0,0,0,0,MBMAT03,MA
542,MA03,12.5,0,0,12.5,0,0,0,0,MBMAT03,MA
543,MA03,12.5,0,0,4.2,8.3,0,0,0,MBMAT03,MA
544,MA03,8.3,0,0,4.2,4.2,0,0,0,MBMAT03,MA
545,MA03,16.7,0,0,8.3,8.3,0,0,0,MBMAT03,MA
546,MA03,20.8,0,0,8.3,12.5,0,0,0,MBMAT03,MA
547,MA03,8.3,0,0,8.3,0,0,0,0,MBMAT03,MA
548,MA03,8.3,0,0,8.3,0,0,0,0,MBMAT03,MA
549,MA03,8.3,0,0,4.2,4.2,0,0,0,MBMAT03,MA
550,MA03,20.8,0,0,20.8,0,0,0,0,MBMAT03,MA
551,MA03,16.7,0,0,16.7,0,0,0,0,MBMAT03,MA
552,MA03,16.7,0,0,16.7,0,0,0,0,MBMAT03,MA
553,MA03,12.5,0,0,12.5,0,0,0,0,MBMAT03,MA
554,MA03,8.3,0,0,8.3,0,0,0,0,MBMAT03,MA
555,MA03,4.2,0,0,4.2,0,0,0,0,MBMAT03,MA
556,MA03,8.3,0,0,8.3,0,0,0,0,MBMAT03,MA
557,MA03,4.2,0,0,4.2,0,0,0,0,MBMAT03,MA
558,MA03,4.2,0,0,4.2,0,0,0,0,MBMAT03,MA
559,MA03,8.3,0,0,8.3,0,0,0,0,MBMAT03,MA
560,MA03,20.8,0,0,0,20.8,0,0,0,MBMAT03,MA
561,MA03,16.7,0,0,0,16.7,0,0,0,MBMAT03,MA
562,MA03,16.7,0,0,4.2,12.5,0,0,0,MBMAT03,MA
563,MA03,12.5,0,0,0,12.5,0,0,0,MBMAT03,MA
564,MA03,8.3,0,0,4.2,4.2,0,0,0,MBMAT03,MA
565,MA03,8.3,0,0,4.2,4.2,0,0,0,MBMAT03,MA
566,MA03,8.3,0,0,8.3,0,0,0,0,MBMAT03,MA
567,MA03,9.8,0,0,6.8,3,0,0,0,MBMAT03,MA
568,AM06,29.2,12.5,0,16.7,0,0,0,12.5,MBAMT06,AM
569,AM06,16.7,12.5,0,4.2,0,0,0,12.5,MBAMT06,AM
570,AM06,16.7,12.5,0,4.2,0,0,0,12.5,MBAMT06,AM
571,AM06,37.5,25,0,12.5,0,0,0,25,MBAMT06,AM
572,AM06,29.2,25,0,4.2,0,0,0,25,MBAMT06,AM
573,AM06,25,12.5,0,12.5,0,0,0,12.5,MBAMT06,AM
574,AM06,20.8,16.7,0,4.2,0,0,0,16.7,MBAMT06,AM
575,AM06,25,25,0,0,0,0,0,25,MBAMT06,AM
576,AM06,29.2,20.8,0,8.3,0,0,0,20.8,MBAMT06,AM
577,AM06,20.8,20.8,0,0,0,0,0,20.8,MBAMT06,AM
578,AM06,16.7,12.5,0,4.2,0,0,0,12.5,MBAMT06,AM
579,AM06,16.7,8.3,0,8.3,0,0,0,8.3,MBAMT06,AM
580,AM06,20.8,4.2,0,16.7,0,0,0,4.2,MBAMT06,AM
581,AM06,8.3,8.3,0,0,0,0,0,8.3,MBAMT06,AM
582,AM06,25,20.8,0,4.2,0,0,0,20.8,MBAMT06,AM
583,AM06,29.2,25,0,4.2,0,0,0,25,MBAMT06,AM
584,AM06,20.8,8.3,0,12.5,0,0,0,8.3,MBAMT06,AM
585,AM06,16.7,8.3,0,8.3,0,0,0,8.3,MBAMT06,AM
586,AM06,29.2,12.5,0,16.7,0,0,0,12.5,MBAMT06,AM
587,AM06,20.8,12.5,0,8.3,0,0,0,12.5,MBAMT06,AM
588,AM06,25,8.3,0,16.7,0,0,0,8.3,MBAMT06,AM
589,AM06,25,8.3,0,16.7,0,0,0,8.3,MBAMT06,AM
590,AM06,20.8,0,0,20.8,0,0,0,0,MBAMT06,AM
591,AM06,25,25,0,0,0,0,0,25,MBAMT06,AM
592,AM06,20.8,0,0,20.8,0,0,0,0,MBAMT06,AM
593,AM06,29.2,20.8,0,8.3,0,0,0,20.8,MBAMT06,AM
594,AM06,29.2,12.5,0,16.7,0,0,0,12.5,MBAMT06,AM
595,AM06,54.2,25,0,29.2,0,0,0,25,MBAMT06,AM
596,AM06,45.8,25,0,20.8,0,0,0,25,MBAMT06,AM
597,AM06,8.3,4.2,0,4.2,0,0,0,4.2,MBAMT06,AM
598,AM06,41.7,37.5,0,4.2,0,0,0,37.5,MBAMT06,AM
599,AM06,29.2,20.8,0,8.3,0,0,0,20.8,MBAMT06,AM
600,AM06,33.3,33.3,0,0,0,0,0,33.3,MBAMT06,AM
601,AM06,12.5,4.2,0,8.3,0,0,0,4.2,MBAMT06,AM
602,AM06,25.3,16.1,0,9.2,0,0,0,16.1,MBAMT06,AM
603,MA09,8.3,0,0,4.2,4.2,0,0,0,MBMAT09,MA
604,MA09,12.5,0,0,8.3,4.2,0,0,0,MBMAT09,MA
605,MA09,8.3,0,0,4.2,4.2,0,0,0,MBMAT09,MA
606,MA09,8.3,0,0,8.3,0,0,0,0,MBMAT09,MA
607,MA09,12.5,0,0,12.5,0,0,0,0,MBMAT09,MA
608,MA09,8.3,4.2,0,4.2,0,0,0,4.2,MBMAT09,MA
609,MA09,12.5,0,0,12.5,0,0,0,0,MBMAT09,MA
610,MA09,4.2,0,0,4.2,0,0,0,0,MBMAT09,MA
611,MA09,4.2,0,0,4.2,0,0,0,0,MBMAT09,MA
612,MA09,8.3,0,0,8.3,0,0,0,0,MBMAT09,MA
613,MA09,12.5,0,0,12.5,0,0,0,0,MBMAT09,MA
614,MA09,8.3,0,0,8.3,0,0,0,0,MBMAT09,MA
615,MA09,12.5,0,0,12.5,0,0,0,0,MBMAT09,MA
616,MA09,4.2,0,0,4.2,0,0,0,0,MBMAT09,MA
617,MA09,25,0,0,25,0,0,0,0,MBMAT09,MA
618,MA09,8.3,0,0,8.3,0,0,0,0,MBMAT09,MA
619,MA09,4.2,0,0,0,4.2,0,0,0,MBMAT09,MA
620,MA09,16.7,0,0,12.5,4.2,0,0,0,MBMAT09,MA
621,MA09,20.8,4.2,0,16.7,0,0,0,4.2,MBMAT09,MA
622,MA09,4.2,0,0,4.2,0,0,0,0,MBMAT09,MA
623,MA09,12.5,0,0,12.5,0,0,0,0,MBMAT09,MA
624,MA09,16.7,0,0,12.5,4.2,0,0,0,MBMAT09,MA
625,MA09,20.8,0,0,20.8,0,0,0,0,MBMAT09,MA
626,MA09,33.3,0,0,29.2,4.2,0,0,0,MBMAT09,MA
627,MA09,37.5,0,0,37.5,0,0,0,0,MBMAT09,MA
628,MA09,8.3,0,0,8.3,0,0,0,0,MBMAT09,MA
629,MA09,10.9,1,0,9,0.9,0,0,1,MBMAT09,MA
630,MA01,4.2,0,0,4.2,0,0,0,0,MBMAT01,MA
631,MA01,8.3,0,0,8.3,0,0,0,0,MBMAT01,MA
632,MA01,4.2,0,0,0,4.2,0,0,0,MBMAT01,MA
633,MA01,12.5,0,0,12.5,0,0,0,0,MBMAT01,MA
634,MA01,12.5,0,0,4.2,8.3,0,0,0,MBMAT01,MA
635,MA01,12.5,0,0,4.2,8.3,0,0,0,MBMAT01,MA
636,MA01,12.5,0,0,0,12.5,0,0,0,MBMAT01,MA
637,MA01,16.7,0,0,0,16.7,0,0,0,MBMAT01,MA
638,MA01,4.2,0,0,0,4.2,0,0,0,MBMAT01,MA
639,MA01,16.7,0,0,0,16.7,0,0,0,MBMAT01,MA
640,MA01,29.2,0,0,0,29.2,0,0,0,MBMAT01,MA
641,MA01,8.3,0,0,8.3,0,0,0,0,MBMAT01,MA
642,MA01,4.2,0,0,4.2,0,0,0,0,MBMAT01,MA
643,MA01,8.3,4.2,0,0,4.2,0,0,4.2,MBMAT01,MA
644,MA01,4.2,0,0,4.2,0,0,0,0,MBMAT01,MA
645,MA01,4.2,0,0,4.2,0,0,0,0,MBMAT01,MA
646,MA01,4.2,0,0,4.2,0,0,0,0,MBMAT01,MA
647,MA01,12.5,0,0,0,12.5,0,0,0,MBMAT01,MA
648,MA01,4.2,4.2,0,0,0,0,0,4.2,MBMAT01,MA
649,MA01,4.2,0,0,0,4.2,0,0,0,MBMAT01,MA
650,MA01,16.7,0,0,0,16.7,0,0,0,MBMAT01,MA
651,MA01,4.2,0,0,0,4.2,0,0,0,MBMAT01,MA
652,MA01,4.2,0,0,0,4.2,0,0,0,MBMAT01,MA
653,MA01,4.2,4.2,0,0,0,0,0,4.2,MBMAT01,MA
654,MA01,16.7,4.2,0,0,12.5,0,0,4.2,MBMAT01,MA
655,MA01,4.2,4.2,0,0,0,0,0,4.2,MBMAT01,MA
656,MA01,4.2,4.2,0,0,0,0,0,4.2,MBMAT01,MA
657,MA01,8.3,0,0,0,8.3,0,0,0,MBMAT01,MA
658,MA01,7.9,0.7,0,2,5.1,0.1,0,0.7,MBMAT01,MA
659,AM05,20.8,8.3,0,12.5,0,0,0,8.3,MBAMT05,AM
660,AM05,41.7,33.3,0,8.3,0,0,0,33.3,MBAMT05,AM
661,AM05,62.5,45.8,0,16.7,0,0,0,45.8,MBAMT05,AM
662,AM05,20.8,0,4.2,16.7,0,0,0,4.2,MBAMT05,AM
663,AM05,54.2,54.2,0,0,0,0,0,54.2,MBAMT05,AM
664,AM05,58.3,58.3,0,0,0,0,0,58.3,MBAMT05,AM
665,AM05,37.5,37.5,0,0,0,0,0,37.5,MBAMT05,AM
666,AM05,45.8,45.8,0,0,0,0,0,45.8,MBAMT05,AM
667,AM05,16.7,12.5,0,4.2,0,0,0,12.5,MBAMT05,AM
668,AM05,16.7,0,0,16.7,0,0,0,0,MBAMT05,AM
669,AM05,4.2,4.2,0,0,0,0,0,4.2,MBAMT05,AM
670,AM05,25,0,0,25,0,0,0,0,MBAMT05,AM
671,AM05,16.7,16.7,0,0,0,0,0,16.7,MBAMT05,AM
672,AM05,33.3,33.3,0,0,0,0,0,33.3,MBAMT05,AM
673,AM05,41.7,41.7,0,0,0,0,0,41.7,MBAMT05,AM
674,AM05,58.3,50,0,8.3,0,0,0,50,MBAMT05,AM
675,AM05,75,58.3,0,8.3,0,0,8.3,58.3,MBAMT05,AM
676,AM05,66.7,58.3,0,8.3,0,0,0,58.3,MBAMT05,AM
677,AM05,50,50,0,0,0,0,0,50,MBAMT05,AM
678,AM05,54.2,54.2,0,0,0,0,0,54.2,MBAMT05,AM
679,AM05,45.8,45.8,0,0,0,0,0,45.8,MBAMT05,AM
680,AM05,58.3,58.3,0,0,0,0,0,58.3,MBAMT05,AM
681,AM05,54.2,54.2,0,0,0,0,0,54.2,MBAMT05,AM
682,AM05,62.5,50,0,12.5,0,0,0,50,MBAMT05,AM
683,AM05,62.5,50,0,4.2,0,0,8.3,50,MBAMT05,AM
684,AM05,50,41.7,0,8.3,0,0,0,41.7,MBAMT05,AM
685,AM05,70.8,62.5,0,8.3,0,0,0,62.5,MBAMT05,AM
686,AM05,62.5,50,0,12.5,0,0,0,50,MBAMT05,AM
687,AM05,37.5,33.3,0,4.2,0,0,0,33.3,MBAMT05,AM
688,AM05,25,25,0,0,0,0,0,25,MBAMT05,AM
689,MA18,25,0,0,25,0,0,0,0,MBMAT18,MA
690,MA18,25,0,0,25,0,0,0,0,MBMAT18,MA
691,MA18,12.5,0,0,12.5,0,0,0,0,MBMAT18,MA
692,MA18,20.8,0,0,12.5,8.3,0,0,0,MBMAT18,MA
693,MA18,12.5,0,0,8.3,4.2,0,0,0,MBMAT18,MA
694,MA18,8.3,0,0,4.2,4.2,0,0,0,MBMAT18,MA
695,MA18,25,0,0,20.8,4.2,0,0,0,MBMAT18,MA
696,MA18,4.2,0,0,4.2,0,0,0,0,MBMAT18,MA
697,MA18,16.7,0,0,12.5,4.2,0,0,0,MBMAT18,MA
698,MA18,12.5,0,0,12.5,0,0,0,0,MBMAT18,MA
699,MA18,37.5,0,0,37.5,0,0,0,0,MBMAT18,MA
700,MA18,16.7,0,0,16.7,0,0,0,0,MBMAT18,MA
701,MA18,16.7,0,0,12.5,4.2,0,0,0,MBMAT18,MA
702,MA18,8.3,0,0,8.3,0,0,0,0,MBMAT18,MA
703,MA18,4.2,0,0,4.2,0,0,0,0,MBMAT18,MA
704,MA18,8.3,0,0,8.3,0,0,0,0,MBMAT18,MA
705,MA18,16.7,0,0,12.5,4.2,0,0,0,MBMAT18,MA
706,MA18,33.3,0,0,33.3,0,0,0,0,MBMAT18,MA
707,MA18,12.5,0,0,12.5,0,0,0,0,MBMAT18,MA
708,MA18,20.8,0,0,20.8,0,0,0,0,MBMAT18,MA
709,MA18,25,0,0,25,0,0,0,0,MBMAT18,MA
710,MA18,4.2,0,0,0,4.2,0,0,0,MBMAT18,MA
711,MA18,16.7,0,0,16.7,0,0,0,0,MBMAT18,MA
712,MA18,16.7,0,0,12.5,4.2,0,0,0,MBMAT18,MA
713,MA18,12.5,0,0,12.5,0,0,0,0,MBMAT18,MA
714,MA18,25,0,0,16.7,8.3,0,0,0,MBMAT18,MA
715,MA18,8.3,0,0,8.3,0,0,0,0,MBMAT18,MA
716,MA18,4.2,0,0,4.2,0,0,0,0,MBMAT18,MA
717,MA18,16.7,0,0,16.7,0,0,0,0,MBMAT18,MA
718,MA18,25,0,0,25,0,0,0,0,MBMAT18,MA
719,MA18,17.2,0.1,0,14.8,2.2,0,0.1,0.1,MBMAT18,MA
720,MO9,8.3,0,8.3,0,0,0,0,8.3,MBMOT9,MO
721,MO9,25,0,25,0,0,0,0,25,MBMOT9,MO
722,MO9,37.5,0,37.5,0,0,0,0,37.5,MBMOT9,MO
723,MO9,25,0,25,0,0,0,0,25,MBMOT9,MO
724,MO9,4.2,0,4.2,0,0,0,0,4.2,MBMOT9,MO
725,MO9,8.3,0,8.3,0,0,0,0,8.3,MBMOT9,MO
726,MO9,8.3,0,4.2,4.2,0,0,0,4.2,MBMOT9,MO
727,MO9,54.2,0,54.2,0,0,0,0,54.2,MBMOT9,MO
728,MO9,45.8,0,45.8,0,0,0,0,45.8,MBMOT9,MO
729,MO9,45.8,0,45.8,0,0,0,0,45.8,MBMOT9,MO
730,MO9,25,0,20.8,4.2,0,0,0,20.8,MBMOT9,MO
731,MO9,70.8,0,70.8,0,0,0,0,70.8,MBMOT9,MO
732,MO9,58.3,0,58.3,0,0,0,0,58.3,MBMOT9,MO
733,MO9,8.3,0,8.3,0,0,0,0,8.3,MBMOT9,MO
734,MO9,29.2,0,20.8,8.3,0,0,0,20.8,MBMOT9,MO
735,MO9,8.3,0,8.3,0,0,0,0,8.3,MBMOT9,MO
736,MO9,4.2,0,4.2,0,0,0,0,4.2,MBMOT9,MO
737,MO9,12.5,0,8.3,4.2,0,0,0,8.3,MBMOT9,MO
738,MO9,16.7,0,16.7,0,0,0,0,16.7,MBMOT9,MO
739,MO9,20.8,0,20.8,0,0,0,0,20.8,MBMOT9,MO
740,MO16,20.8,0,4.2,16.7,0,0,0,4.2,MBMOT16,MO
741,MO16,8.3,0,4.2,4.2,0,0,0,4.2,MBMOT16,MO
742,MO16,20.8,0,0,20.8,0,0,0,0,MBMOT16,MO
743,MO16,25,0,0,25,0,0,0,0,MBMOT16,MO
744,MO16,4.2,0,0,4.2,0,0,0,0,MBMOT16,MO
745,MO16,12.5,0,0,12.5,0,0,0,0,MBMOT16,MO
746,MO16,20.8,0,0,20.8,0,0,0,0,MBMOT16,MO
747,MO16,8.3,0,4.2,4.2,0,0,0,4.2,MBMOT16,MO
748,MO16,12.5,0,0,4.2,8.3,0,0,0,MBMOT16,MO
749,MO16,20.8,0,0,8.3,12.5,0,0,0,MBMOT16,MO
750,MO16,25,0,0,12.5,12.5,0,0,0,MBMOT16,MO
751,MO16,25,0,0,20.8,4.2,0,0,0,MBMOT16,MO
752,MO16,20.8,0,0,8.3,12.5,0,0,0,MBMOT16,MO
753,MO16,16.7,0,0,4.2,12.5,0,0,0,MBMOT16,MO
754,MO16,16.7,0,0,8.3,8.3,0,0,0,MBMOT16,MO
755,MO16,16.7,0,0,12.5,4.2,0,0,0,MBMOT16,MO
756,MO16,41.7,0,0,8.3,33.3,0,0,0,MBMOT16,MO
757,MO16,16.7,0,0,12.5,4.2,0,0,0,MBMOT16,MO
758,MO16,33.3,0,0,12.5,20.8,0,0,0,MBMOT16,MO
759,MO16,33.3,0,0,4.2,29.2,0,0,0,MBMOT16,MO
760,MO16,12.5,0,0,0,12.5,0,0,0,MBMOT16,MO
761,MO16,25,0,0,20.8,4.2,0,0,0,MBMOT16,MO
762,MO16,16.7,0,0,8.3,8.3,0,0,0,MBMOT16,MO
763,MO16,29.2,0,0,0,29.2,0,0,0,MBMOT16,MO
764,MO16,41.7,0,0,4.2,37.5,0,0,0,MBMOT16,MO
765,MO16,16.7,0,0,0,12.5,4.2,0,0,MBMOT16,MO
766,MO16,25,0,0,0,25,0,0,0,MBMOT16,MO
767,MO16,20.8,0,0,4.2,16.7,0,0,0,MBMOT16,MO
768,MO16,16.7,0,0,4.2,12.5,0,0,0,MBMOT16,MO
769,MO16,29.2,0,0,4.2,25,0,0,0,MBMOT16,MO
770,MO16,37.5,0,0,4.2,33.3,0,0,0,MBMOT16,MO
771,MO16,25,0,0,4.2,20.8,0,0,0,MBMOT16,MO
772,MO16,25,0,0,4.2,20.8,0,0,0,MBMOT16,MO
773,MO16,12.5,0,0,0,12.5,0,0,0,MBMOT16,MO
774,MO16,22.6,0,0.3,8.5,13.7,0.2,0,0.3,MBMOT16,MO
775,MO17,66.7,58.3,0,8.3,0,0,0,58.3,MBMOT17,MO
776,MO17,62.5,54.2,0,8.3,0,0,0,54.2,MBMOT17,MO
777,MO17,95.8,75,0,20.8,0,0,0,75,MBMOT17,MO
778,MO17,54.2,33.3,0,20.8,0,0,0,33.3,MBMOT17,MO
779,MO17,83.3,79.2,0,4.2,0,0,0,79.2,MBMOT17,MO
780,MO17,95.8,95.8,0,0,0,0,0,95.8,MBMOT17,MO
781,MO17,87.5,70.8,0,16.7,0,0,0,70.8,MBMOT17,MO
782,MO17,62.5,54.2,0,8.3,0,0,0,54.2,MBMOT17,MO
783,MO17,83.3,83.3,0,0,0,0,0,83.3,MBMOT17,MO
784,MO17,75,75,0,0,0,0,0,75,MBMOT17,MO
785,MO17,75,75,0,0,0,0,0,75,MBMOT17,MO
786,MO17,83.3,83.3,0,0,0,0,0,83.3,MBMOT17,MO
787,MO17,70.8,70.8,0,0,0,0,0,70.8,MBMOT17,MO
788,MO17,87.5,87.5,0,0,0,0,0,87.5,MBMOT17,MO
789,MO17,100,66.7,0,33.3,0,0,0,66.7,MBMOT17,MO
790,MO17,33.3,16.7,0,4.2,4.2,0,8.3,16.7,MBMOT17,MO
791,MO17,41.7,0,0,0,0,0,41.7,0,MBMOT17,MO
792,MO17,29.2,0,0,4.2,0,0,25,0,MBMOT17,MO
793,MO17,29.2,0,0,20.8,0,0,8.3,0,MBMOT17,MO
794,MO17,33.3,0,0,0,0,0,33.3,0,MBMOT17,MO
795,MO17,29.2,0,0,0,0,0,29.2,0,MBMOT17,MO
796,MO17,29.2,0,0,0,0,0,29.2,0,MBMOT17,MO
797,MO17,8.3,0,0,0,0,0,8.3,0,MBMOT17,MO
798,MO17,25,0,0,0,0,0,25,0,MBMOT17,MO
799,MO17,16.7,0,0,0,0,0,16.7,0,MBMOT17,MO
800,MO17,4.2,0,0,4.2,0,0,0,0,MBMOT17,MO
801,MO17,20.8,0,0,0,0,0,20.8,0,MBMOT17,MO
802,MO17,33.3,0,0,8.3,0,0,25,0,MBMOT17,MO
803,MO17,37.5,0,8.3,0,8.3,0,20.8,8.3,MBMOT17,MO
804,MO17,52.4,33.9,1.5,5,1.5,0,10.5,35.4,MBMOT17,MO
805,MO18,83.3,0,4.2,4.2,70.8,0,4.2,4.2,MBMOT18,MO
806,MO18,62.5,0,16.7,4.2,41.7,0,0,16.7,MBMOT18,MO
807,MO18,45.8,0,0,8.3,37.5,0,0,0,MBMOT18,MO
808,MO18,54.2,0,0,16.7,37.5,0,0,0,MBMOT18,MO
809,MO18,37.5,0,0,16.7,20.8,0,0,0,MBMOT18,MO
810,MO18,20.8,0,0,12.5,8.3,0,0,0,MBMOT18,MO
811,MO18,12.5,0,0,4.2,8.3,0,0,0,MBMOT18,MO
812,MO18,16.7,0,0,0,16.7,0,0,0,MBMOT18,MO
813,MO18,4.2,0,4.2,0,0,0,0,4.2,MBMOT18,MO
814,MO18,8.3,0,0,8.3,0,0,0,0,MBMOT18,MO
815,MO18,4.2,0,0,4.2,0,0,0,0,MBMOT18,MO
816,MO18,4.2,0,0,0,4.2,0,0,0,MBMOT18,MO
817,MO18,4.2,0,0,4.2,0,0,0,0,MBMOT18,MO
818,MO18,29.2,29.2,0,0,0,0,0,29.2,MBMOT18,MO
819,MO18,29.2,29.2,0,0,0,0,0,29.2,MBMOT18,MO
820,MO18,41.7,41.7,0,0,0,0,0,41.7,MBMOT18,MO
821,MO18,37.5,12.5,0,25,0,0,0,12.5,MBMOT18,MO
822,MO18,25,0,12.5,12.5,0,0,0,12.5,MBMOT18,MO
823,MO18,45.8,12.5,0,33.3,0,0,0,12.5,MBMOT18,MO
824,MO18,12.5,0,0,12.5,0,0,0,0,MBMOT18,MO
825,MO18,16.7,8.3,0,8.3,0,0,0,8.3,MBMOT18,MO
826,MO18,62.5,62.5,0,0,0,0,0,62.5,MBMOT18,MO
827,MO18,17.5,4,1.8,5.1,6.5,0,0.1,5.8,MBMOT18,MO
828,MO1,8.3,0,8.3,0,0,0,0,8.3,MBMOT1,MO
829,MO1,8.3,0,8.3,0,0,0,0,8.3,MBMOT1,MO
830,MO1,8.3,0,0,0,0,0,8.3,0,MBMOT1,MO
831,MO1,33.3,0,4.2,20.8,8.3,0,0,4.2,MBMOT1,MO
832,MO1,12.5,0,12.5,0,0,0,0,12.5,MBMOT1,MO
833,MO1,16.7,0,12.5,0,4.2,0,0,12.5,MBMOT1,MO
834,MO1,16.7,0,0,0,16.7,0,0,0,MBMOT1,MO
835,MO1,8.3,0,8.3,0,0,0,0,8.3,MBMOT1,MO
836,MO1,16.7,0,0,4.2,12.5,0,0,0,MBMOT1,MO
837,MO1,29.2,0,0,4.2,25,0,0,0,MBMOT1,MO
838,MO1,12.5,0,0,0,12.5,0,0,0,MBMOT1,MO
839,MO1,33.3,0,0,0,33.3,0,0,0,MBMOT1,MO
840,MO1,33.3,0,0,4.2,25,0,4.2,0,MBMOT1,MO
841,MO1,41.7,0,16.7,12.5,12.5,0,0,16.7,MBMOT1,MO
842,MO1,16.7,0,4.2,0,12.5,0,0,4.2,MBMOT1,MO
843,MO1,62.5,0,8.3,0,54.2,0,0,8.3,MBMOT1,MO
844,MO1,16.7,0,4.2,0,12.5,0,0,4.2,MBMOT1,MO
845,MO1,20.8,0,16.7,4.2,0,0,0,16.7,MBMOT1,MO
846,MO1,16.7,0,12.5,4.2,0,0,0,12.5,MBMOT1,MO
847,MO1,25,0,16.7,0,8.3,0,0,16.7,MBMOT1,MO
848,MO1,25,0,20.8,4.2,0,0,0,20.8,MBMOT1,MO
849,MO1,20.8,0,16.7,0,4.2,0,0,16.7,MBMOT1,MO
850,MO1,29.2,0,16.7,8.3,0,4.2,0,16.7,MBMOT1,MO
851,MO1,25,0,12.5,8.3,4.2,0,0,12.5,MBMOT1,MO
852,MO1,16.7,0,4.2,0,12.5,0,0,4.2,MBMOT1,MO
853,MO1,33.3,0,8.3,12.5,12.5,0,0,8.3,MBMOT1,MO
854,MO1,21.4,0.1,6.3,2.5,12,0.1,0.4,6.4,MBMOT1,MO
855,MO2,20.8,0,4.2,16.7,0,0,0,4.2,MBMOT2,MO
856,MO2,4.2,0,4.2,0,0,0,0,4.2,MBMOT2,MO
857,MO2,4.2,0,4.2,0,0,0,0,4.2,MBMOT2,MO
858,MO2,4.2,0,4.2,0,0,0,0,4.2,MBMOT2,MO
859,MO2,8.3,0,8.3,0,0,0,0,8.3,MBMOT2,MO
860,MO2,4.2,0,4.2,0,0,0,0,4.2,MBMOT2,MO
861,MO2,12.5,0,12.5,0,0,0,0,12.5,MBMOT2,MO
862,MO2,8.3,0,4.2,4.2,0,0,0,4.2,MBMOT2,MO
863,MO2,8.3,0,0,8.3,0,0,0,0,MBMOT2,MO
864,MO2,8.3,4.2,0,4.2,0,0,0,4.2,MBMOT2,MO
865,MO2,33.3,0,0,0,33.3,0,0,0,MBMOT2,MO
866,MO2,4.2,0,0,4.2,0,0,0,0,MBMOT2,MO
867,MO2,8.3,0,8.3,0,0,0,0,8.3,MBMOT2,MO
868,MO2,4.2,0,4.2,0,0,0,0,4.2,MBMOT2,MO
869,MO2,4.2,0,0,4.2,0,0,0,0,MBMOT2,MO
870,MO2,12.5,0,0,12.5,0,0,0,0,MBMOT2,MO
871,MO2,12.5,8.3,0,4.2,0,0,0,8.3,MBMOT2,MO
872,MO2,8.3,0,4.2,4.2,0,0,0,4.2,MBMOT2,MO
873,MO2,16.7,0,12.5,4.2,0,0,0,12.5,MBMOT2,MO
874,MO2,4.2,0,4.2,0,0,0,0,4.2,MBMOT2,MO
875,MO2,33.3,0,16.7,16.7,0,0,0,16.7,MBMOT2,MO
876,MO2,16.7,0,12.5,4.2,0,0,0,12.5,MBMOT2,MO
877,MO2,7.5,0.7,3.3,2.2,1.3,0,0,4,MBMOT2,MO
878,MO3,4.2,4.2,0,0,0,0,0,4.2,MBMOT3,MO
879,MO3,25,25,0,0,0,0,0,25,MBMOT3,MO
880,MO3,66.7,66.7,0,0,0,0,0,66.7,MBMOT3,MO
881,MO3,87.5,87.5,0,0,0,0,0,87.5,MBMOT3,MO
882,MO3,8.3,8.3,0,0,0,0,0,8.3,MBMOT3,MO
883,MO3,37.5,37.5,0,0,0,0,0,37.5,MBMOT3,MO
884,MO3,45.8,45.8,0,0,0,0,0,45.8,MBMOT3,MO
885,MO3,66.7,66.7,0,0,0,0,0,66.7,MBMOT3,MO
886,MO3,54.2,54.2,0,0,0,0,0,54.2,MBMOT3,MO
887,MO3,12.5,12.5,0,0,0,0,0,12.5,MBMOT3,MO
888,MO3,37.5,37.5,0,0,0,0,0,37.5,MBMOT3,MO
889,MO3,29.2,29.2,0,0,0,0,0,29.2,MBMOT3,MO
890,MO3,87.5,87.5,0,0,0,0,0,87.5,MBMOT3,MO
891,MO3,70.8,70.8,0,0,0,0,0,70.8,MBMOT3,MO
892,MO3,62.5,62.5,0,0,0,0,0,62.5,MBMOT3,MO
893,MO3,62.5,62.5,0,0,0,0,0,62.5,MBMOT3,MO
894,MO3,83.3,83.3,0,0,0,0,0,83.3,MBMOT3,MO
895,MO3,70.8,70.8,0,0,0,0,0,70.8,MBMOT3,MO
896,MO3,62.5,62.5,0,0,0,0,0,62.5,MBMOT3,MO
897,MO3,87.5,87.5,0,0,0,0,0,87.5,MBMOT3,MO
898,MO3,83.3,83.3,0,0,0,0,0,83.3,MBMOT3,MO
899,MO3,50,50,0,0,0,0,0,50,MBMOT3,MO
900,MO3,37.5,37.5,0,0,0,0,0,37.5,MBMOT3,MO
901,MO3,37.5,37.5,0,0,0,0,0,37.5,MBMOT3,MO
902,MO3,33.3,33.3,0,0,0,0,0,33.3,MBMOT3,MO
903,MO3,37.5,37.5,0,0,0,0,0,37.5,MBMOT3,MO
904,MO3,20.8,20.8,0,0,0,0,0,20.8,MBMOT3,MO
905,MO3,66.7,66.7,0,0,0,0,0,66.7,MBMOT3,MO
906,MO3,66.7,66.7,0,0,0,0,0,66.7,MBMOT3,MO
907,MO3,33.3,33.3,0,0,0,0,0,33.3,MBMOT3,MO
908,MO3,33.3,33.3,0,0,0,0,0,33.3,MBMOT3,MO
909,MO3,8.3,8.3,0,0,0,0,0,8.3,MBMOT3,MO
910,MO3,20.8,20.8,0,0,0,0,0,20.8,MBMOT3,MO
911,MO3,62.5,62.5,0,0,0,0,0,62.5,MBMOT3,MO
912,MO3,58.3,58.3,0,0,0,0,0,58.3,MBMOT3,MO
913,MO3,62.5,62.5,0,0,0,0,0,62.5,MBMOT3,MO
914,MO4,50,50,0,0,0,0,0,50,MBMOT4,MO
915,MO4,75,75,0,0,0,0,0,75,MBMOT4,MO
916,MO4,91.7,91.7,0,0,0,0,0,91.7,MBMOT4,MO
917,MO4,79.2,75,0,4.2,0,0,0,75,MBMOT4,MO
918,MO4,79.2,79.2,0,0,0,0,0,79.2,MBMOT4,MO
919,MO4,79.2,75,0,4.2,0,0,0,75,MBMOT4,MO
920,MO4,87.5,87.5,0,0,0,0,0,87.5,MBMOT4,MO
921,MO4,95.8,91.7,0,4.2,0,0,0,91.7,MBMOT4,MO
922,MO4,87.5,87.5,0,0,0,0,0,87.5,MBMOT4,MO
923,MO4,58.3,58.3,0,0,0,0,0,58.3,MBMOT4,MO
924,MO4,87.5,87.5,0,0,0,0,0,87.5,MBMOT4,MO
925,MO4,75,70.8,0,4.2,0,0,0,70.8,MBMOT4,MO
926,MO4,62.5,58.3,0,4.2,0,0,0,58.3,MBMOT4,MO
927,MO4,62.5,62.5,0,0,0,0,0,62.5,MBMOT4,MO
928,MO4,66.7,66.7,0,0,0,0,0,66.7,MBMOT4,MO
929,MO4,54.2,45.8,0,8.3,0,0,0,45.8,MBMOT4,MO
930,MO4,83.3,83.3,0,0,0,0,0,83.3,MBMOT4,MO
931,MO4,58.3,58.3,0,0,0,0,0,58.3,MBMOT4,MO
932,MO4,58.3,58.3,0,0,0,0,0,58.3,MBMOT4,MO
933,MO4,87.5,87.5,0,0,0,0,0,87.5,MBMOT4,MO
934,MO4,66.7,66.7,0,0,0,0,0,66.7,MBMOT4,MO
935,MO4,41.7,37.5,0,0,0,0,4.2,37.5,MBMOT4,MO
936,MO4,83.3,83.3,0,0,0,0,0,83.3,MBMOT4,MO
937,MO4,70.8,66.7,0,4.2,0,0,0,66.7,MBMOT4,MO
938,MO4,66.7,66.7,0,0,0,0,0,66.7,MBMOT4,MO
939,MO4,75,75,0,0,0,0,0,75,MBMOT4,MO
940,MO4,62.5,62.5,0,0,0,0,0,62.5,MBMOT4,MO
941,MO4,70.8,70.8,0,0,0,0,0,70.8,MBMOT4,MO
942,MO4,41.7,41.7,0,0,0,0,0,41.7,MBMOT4,MO
943,MO4,66.7,66.7,0,0,0,0,0,66.7,MBMOT4,MO
944,MO4,95.8,95.8,0,0,0,0,0,95.8,MBMOT4,MO
945,MO4,62.5,62.5,0,0,0,0,0,62.5,MBMOT4,MO
946,MO4,69.8,68.7,0,0.9,0.1,0,0.1,68.7,MBMOT4,MO
947,MO5,45.8,45.8,0,0,0,0,0,45.8,MBMOT5,MO
948,MO5,45.8,37.5,0,8.3,0,0,0,37.5,MBMOT5,MO
949,MO5,50,50,0,0,0,0,0,50,MBMOT5,MO
950,MO5,29.2,29.2,0,0,0,0,0,29.2,MBMOT5,MO
951,MO5,37.5,37.5,0,0,0,0,0,37.5,MBMOT5,MO
952,MO5,54.2,54.2,0,0,0,0,0,54.2,MBMOT5,MO
953,MO5,62.5,62.5,0,0,0,0,0,62.5,MBMOT5,MO
954,MO5,33.3,33.3,0,0,0,0,0,33.3,MBMOT5,MO
955,MO5,50,50,0,0,0,0,0,50,MBMOT5,MO
956,MO5,33.3,33.3,0,0,0,0,0,33.3,MBMOT5,MO
957,MO5,20.8,20.8,0,0,0,0,0,20.8,MBMOT5,MO
958,MO5,41.7,41.7,0,0,0,0,0,41.7,MBMOT5,MO
959,MO5,54.2,54.2,0,0,0,0,0,54.2,MBMOT5,MO
960,MO5,45.8,45.8,0,0,0,0,0,45.8,MBMOT5,MO
961,MO5,79.2,79.2,0,0,0,0,0,79.2,MBMOT5,MO
962,MO5,58.3,58.3,0,0,0,0,0,58.3,MBMOT5,MO
963,MO5,37.5,37.5,0,0,0,0,0,37.5,MBMOT5,MO
964,MO5,33.3,33.3,0,0,0,0,0,33.3,MBMOT5,MO
965,MO5,29.2,29.2,0,0,0,0,0,29.2,MBMOT5,MO
966,MO5,41.7,41.7,0,0,0,0,0,41.7,MBMOT5,MO
967,MO5,66.7,66.7,0,0,0,0,0,66.7,MBMOT5,MO
968,MO5,70.8,70.8,0,0,0,0,0,70.8,MBMOT5,MO
969,MO5,62.5,62.5,0,0,0,0,0,62.5,MBMOT5,MO
970,MO5,25,25,0,0,0,0,0,25,MBMOT5,MO
971,MO5,4.2,4.2,0,0,0,0,0,4.2,MBMOT5,MO
972,MO5,4.2,4.2,0,0,0,0,0,4.2,MBMOT5,MO
973,MO5,8.3,8.3,0,0,0,0,0,8.3,MBMOT5,MO
974,MO5,45.8,33.3,0,12.5,0,0,0,33.3,MBMOT5,MO
975,MO5,50,50,0,0,0,0,0,50,MBMOT5,MO
976,MO5,58.3,50,0,8.3,0,0,0,50,MBMOT5,MO
977,MO5,25,25,0,0,0,0,0,25,MBMOT5,MO
978,MO5,62.5,62.5,0,0,0,0,0,62.5,MBMOT5,MO
979,MO5,16.7,4.2,0,12.5,0,0,0,4.2,MBMOT5,MO
980,MO5,12.5,4.2,0,8.3,0,0,0,4.2,MBMOT5,MO
981,MO5,16.7,0,0,16.7,0,0,0,0,MBMOT5,MO
982,MO5,39.6,38.2,0,1.4,0,0,0,38.2,MBMOT5,MO
983,MO6,79.2,79.2,0,0,0,0,0,79.2,MBMOT6,MO
984,MO6,12.5,12.5,0,0,0,0,0,12.5,MBMOT6,MO
985,MO6,50,50,0,0,0,0,0,50,MBMOT6,MO
986,MO6,41.7,37.5,0,4.2,0,0,0,37.5,MBMOT6,MO
987,MO6,45.8,45.8,0,0,0,0,0,45.8,MBMOT6,MO
988,MO6,58.3,50,0,8.3,0,0,0,50,MBMOT6,MO
989,MO6,66.7,58.3,0,8.3,0,0,0,58.3,MBMOT6,MO
990,MO6,66.7,66.7,0,0,0,0,0,66.7,MBMOT6,MO
991,MO6,70.8,62.5,0,8.3,0,0,0,62.5,MBMOT6,MO
992,MO6,66.7,62.5,0,4.2,0,0,0,62.5,MBMOT6,MO
993,MO6,45.8,41.7,0,4.2,0,0,0,41.7,MBMOT6,MO
994,MO6,37.5,29.2,0,8.3,0,0,0,29.2,MBMOT6,MO
995,MO6,41.7,33.3,0,8.3,0,0,0,33.3,MBMOT6,MO
996,MO6,50,45.8,0,4.2,0,0,0,45.8,MBMOT6,MO
997,MO6,87.5,87.5,0,0,0,0,0,87.5,MBMOT6,MO
998,MO6,54.2,45.8,0,8.3,0,0,0,45.8,MBMOT6,MO
999,MO6,45.8,25,0,20.8,0,0,0,25,MBMOT6,MO
1000,MO6,62.5,58.3,0,4.2,0,0,0,58.3,MBMOT6,MO
1001,MO6,41.7,37.5,0,4.2,0,0,0,37.5,MBMOT6,MO
1002,MO6,79.2,70.8,0,8.3,0,0,0,70.8,MBMOT6,MO
1003,MO6,75,75,0,0,0,0,0,75,MBMOT6,MO
1004,MO6,95.8,95.8,0,0,0,0,0,95.8,MBMOT6,MO
1005,MO6,83.3,75,0,8.3,0,0,0,75,MBMOT6,MO
1006,MO6,62.5,54.2,0,8.3,0,0,0,54.2,MBMOT6,MO
1007,MO6,50,29.2,0,20.8,0,0,0,29.2,MBMOT6,MO
1008,MO6,20.8,20.8,0,0,0,0,0,20.8,MBMOT6,MO
1009,MO6,58.3,54.2,0,4.2,0,0,0,54.2,MBMOT6,MO
1010,MO6,75,75,0,0,0,0,0,75,MBMOT6,MO
1011,MO6,58.3,58.3,0,0,0,0,0,58.3,MBMOT6,MO
1012,MO6,75,70.8,0,4.2,0,0,0,70.8,MBMOT6,MO
1013,MO6,50,33.3,0,16.7,0,0,0,33.3,MBMOT6,MO
1014,MO6,66.7,62.5,0,4.2,0,0,0,62.5,MBMOT6,MO
1015,MO7,4.2,0,0,4.2,0,0,0,0,MBMOT7,MO
1016,MO7,12.5,0,0,12.5,0,0,0,0,MBMOT7,MO
1017,MO7,12.5,0,0,12.5,0,0,0,0,MBMOT7,MO
1018,MO7,12.5,0,0,12.5,0,0,0,0,MBMOT7,MO
1019,MO7,8.3,0,0,8.3,0,0,0,0,MBMOT7,MO
1020,MO7,20.8,0,4.2,16.7,0,0,0,4.2,MBMOT7,MO
1021,MO7,8.3,0,0,8.3,0,0,0,0,MBMOT7,MO
1022,MO7,16.7,0,0,16.7,0,0,0,0,MBMOT7,MO
1023,MO7,41.7,41.7,0,0,0,0,0,41.7,MBMOT7,MO
1024,MO7,41.7,41.7,0,0,0,0,0,41.7,MBMOT7,MO
1025,MO7,8.3,8.3,0,0,0,0,0,8.3,MBMOT7,MO
1026,MO7,54.2,54.2,0,0,0,0,0,54.2,MBMOT7,MO
1027,MO7,25,25,0,0,0,0,0,25,MBMOT7,MO
1028,MO7,16.7,16.7,0,0,0,0,0,16.7,MBMOT7,MO
1029,MO7,54.2,54.2,0,0,0,0,0,54.2,MBMOT7,MO
1030,MO7,45.8,45.8,0,0,0,0,0,45.8,MBMOT7,MO
1031,MO7,20.8,20.8,0,0,0,0,0,20.8,MBMOT7,MO
1032,MO7,37.5,37.5,0,0,0,0,0,37.5,MBMOT7,MO
1033,MO7,54.2,54.2,0,0,0,0,0,54.2,MBMOT7,MO
1034,MO7,62.5,62.5,0,0,0,0,0,62.5,MBMOT7,MO
1035,MO7,41.7,41.7,0,0,0,0,0,41.7,MBMOT7,MO
1036,MO7,66.7,66.7,0,0,0,0,0,66.7,MBMOT7,MO
1037,MO7,50,50,0,0,0,0,0,50,MBMOT7,MO
1038,MO7,45.8,45.8,0,0,0,0,0,45.8,MBMOT7,MO
1039,MO7,20.8,20.8,0,0,0,0,0,20.8,MBMOT7,MO
1040,MO7,54.2,45.8,0,8.3,0,0,0,45.8,MBMOT7,MO
1041,MO7,41.7,8.3,0,33.3,0,0,0,8.3,MBMOT7,MO
1042,MO7,8.3,0,0,8.3,0,0,0,0,MBMOT7,MO
1043,MO7,20.8,20.8,0,0,0,0,0,20.8,MBMOT7,MO
1044,MO7,20.8,20.8,0,0,0,0,0,20.8,MBMOT7,MO
1045,MO7,37.5,37.5,0,0,0,0,0,37.5,MBMOT7,MO
1046,MO7,41.7,41.7,0,0,0,0,0,41.7,MBMOT7,MO
1047,MO7,31.5,25.8,0.2,5.6,0,0,0,26,MBMOT7,MO
1048,MO8,20.8,20.8,0,0,0,0,0,20.8,MBMOT8,MO
1049,MO8,4.2,0,0,4.2,0,0,0,0,MBMOT8,MO
1050,MO8,4.2,0,0,0,0,0,4.2,0,MBMOT8,MO
1051,MO8,4.2,0,0,0,0,0,4.2,0,MBMOT8,MO
1052,MO8,58.3,41.7,0,16.7,0,0,0,41.7,MBMOT8,MO
1053,MO8,50,29.2,0,20.8,0,0,0,29.2,MBMOT8,MO
1054,MO8,62.5,41.7,0,20.8,0,0,0,41.7,MBMOT8,MO
1055,MO8,20.8,12.5,0,8.3,0,0,0,12.5,MBMOT8,MO
1056,MO8,4.2,4.2,0,0,0,0,0,4.2,MBMOT8,MO
1057,MO8,12.5,0,0,0,0,0,12.5,0,MBMOT8,MO
1058,MO8,16.7,4.2,0,0,0,0,12.5,4.2,MBMOT8,MO
1059,MO8,4.2,0,0,0,0,0,4.2,0,MBMOT8,MO
1060,MO8,8.3,0,0,8.3,0,0,0,0,MBMOT8,MO
1061,MO8,4.2,0,0,0,0,0,4.2,0,MBMOT8,MO
1062,MO8,45.8,45.8,0,0,0,0,0,45.8,MBMOT8,MO
1063,MO8,54.2,16.7,0,37.5,0,0,0,16.7,MBMOT8,MO
1064,MO8,41.7,41.7,0,0,0,0,0,41.7,MBMOT8,MO
1065,MO8,50,25,0,25,0,0,0,25,MBMOT8,MO
1066,MO8,8.3,0,0,0,0,0,8.3,0,MBMOT8,MO
1067,MO8,4.2,4.2,0,0,0,0,0,4.2,MBMOT8,MO
1068,MO8,4.2,0,0,0,0,0,4.2,0,MBMOT8,MO
1069,MO8,13.7,7.8,0,4.2,0,0,1.7,7.8,MBMOT8,MO
1070,MO11,4.2,4.2,0,0,0,0,0,4.2,MBMOT11,MO
1071,MO11,12.5,12.5,0,0,0,0,0,12.5,MBMOT11,MO
1072,MO11,20.8,20.8,0,0,0,0,0,20.8,MBMOT11,MO
1073,MO11,12.5,12.5,0,0,0,0,0,12.5,MBMOT11,MO
1074,MO11,12.5,12.5,0,0,0,0,0,12.5,MBMOT11,MO
1075,MO11,8.3,8.3,0,0,0,0,0,8.3,MBMOT11,MO
1076,MO11,12.5,12.5,0,0,0,0,0,12.5,MBMOT11,MO
1077,MO11,29.2,0,0,0,0,0,29.2,0,MBMOT11,MO
1078,MO11,20.8,0,0,0,0,0,20.8,0,MBMOT11,MO
1079,MO11,16.7,0,0,0,0,0,16.7,0,MBMOT11,MO
1080,MO11,29.2,0,0,0,0,0,29.2,0,MBMOT11,MO
1081,MO11,12.5,0,0,0,0,0,12.5,0,MBMOT11,MO
1082,MO11,16.7,0,0,0,0,0,16.7,0,MBMOT11,MO
1083,MO11,79.2,0,0,0,0,62.5,16.7,0,MBMOT11,MO
1084,MO11,83.3,0,0,0,0,83.3,0,0,MBMOT11,MO
1085,MO11,95.8,0,0,0,0,95.8,0,0,MBMOT11,MO
1086,MO11,83.3,0,0,0,0,83.3,0,0,MBMOT11,MO
1087,MO11,100,0,0,0,0,100,0,0,MBMOT11,MO
1088,MO11,79.2,0,0,0,0,79.2,0,0,MBMOT11,MO
1089,MO11,62.5,0,0,0,0,62.5,0,0,MBMOT11,MO
1090,MO11,87.5,0,0,0,0,87.5,0,0,MBMOT11,MO
1091,MO11,83.3,0,0,0,0,83.3,0,0,MBMOT11,MO
1092,MO11,29.2,0,0,0,0,29.2,0,0,MBMOT11,MO
1093,MO11,4.2,0,0,0,0,4.2,0,0,MBMOT11,MO
1094,MO11,34.3,3.2,0,0.1,0,25.5,5.6,3.2,MBMOT11,MO
1095,MO13,12.5,0,0,0,0,0,12.5,0,MBMOT13,MO
1096,MO13,33.3,33.3,0,0,0,0,0,33.3,MBMOT13,MO
1097,MO13,58.3,58.3,0,0,0,0,0,58.3,MBMOT13,MO
1098,MO13,25,25,0,0,0,0,0,25,MBMOT13,MO
1099,MO13,4.2,0,0,0,0,0,4.2,0,MBMOT13,MO
1100,MO13,4.2,0,0,0,0,0,4.2,0,MBMOT13,MO
1101,MO13,8.3,0,0,0,0,0,8.3,0,MBMOT13,MO
1102,MO13,29.2,29.2,0,0,0,0,0,29.2,MBMOT13,MO
1103,MO13,62.5,58.3,0,4.2,0,0,0,58.3,MBMOT13,MO
1104,MO13,33.3,29.2,0,4.2,0,0,0,29.2,MBMOT13,MO
1105,MO13,8.3,0,0,0,0,0,8.3,0,MBMOT13,MO
1106,MO13,12.5,4.2,0,4.2,0,0,4.2,4.2,MBMOT13,MO
1107,MO13,25,25,0,0,0,0,0,25,MBMOT13,MO
1108,MO13,66.7,66.7,0,0,0,0,0,66.7,MBMOT13,MO
1109,MO13,79.2,79.2,0,0,0,0,0,79.2,MBMOT13,MO
1110,MO13,37.5,37.5,0,0,0,0,0,37.5,MBMOT13,MO
1111,MO13,8.3,8.3,0,0,0,0,0,8.3,MBMOT13,MO
1112,MO13,45.8,41.7,0,0,4.2,0,0,41.7,MBMOT13,MO
1113,MO13,25,20.8,0,4.2,0,0,0,20.8,MBMOT13,MO
1114,MO13,37.5,29.2,0,8.3,0,0,0,29.2,MBMOT13,MO
1115,MO13,16.7,8.3,0,8.3,0,0,0,8.3,MBMOT13,MO
1116,MO13,12.5,4.2,0,8.3,0,0,0,4.2,MBMOT13,MO
1117,MO13,12.5,12.5,0,0,0,0,0,12.5,MBMOT13,MO
1118,MO13,20.8,16.7,0,4.2,0,0,0,16.7,MBMOT13,MO
1119,MO13,37.5,33.3,0,4.2,0,0,0,33.3,MBMOT13,MO
1120,MO13,33.3,20.8,0,12.5,0,0,0,20.8,MBMOT13,MO
1121,MO13,37.5,33.3,0,4.2,0,0,0,33.3,MBMOT13,MO
1122,MO13,50,50,0,0,0,0,0,50,MBMOT13,MO
1123,MO13,75,70.8,0,4.2,0,0,0,70.8,MBMOT13,MO
1124,MO13,30.6,26.4,0,3.1,0.1,0.1,0.9,26.4,MBMOT13,MO
1125,AM08,12.5,0,0,12.5,0,0,0,0,MBAMT08,AM
1126,AM08,16.7,0,0,16.7,0,0,0,0,MBAMT08,AM
1127,AM08,25,0,0,25,0,0,0,0,MBAMT08,AM
1128,AM08,20.8,0,0,20.8,0,0,0,0,MBAMT08,AM
1129,AM08,20.8,0,0,20.8,0,0,0,0,MBAMT08,AM
1130,AM08,8.3,0,0,8.3,0,0,0,0,MBAMT08,AM
1131,AM08,12.5,0,0,12.5,0,0,0,0,MBAMT08,AM
1132,AM08,33.3,0,0,33.3,0,0,0,0,MBAMT08,AM
1133,AM08,8.3,0,0,8.3,0,0,0,0,MBAMT08,AM
1134,AM08,8.3,0,0,8.3,0,0,0,0,MBAMT08,AM
1135,AM08,20.8,0,0,20.8,0,0,0,0,MBAMT08,AM
1136,AM08,4.2,0,0,4.2,0,0,0,0,MBAMT08,AM
1137,AM08,6.8,0,0,6.8,0,0,0,0,MBAMT08,AM
1138,MA15,41.7,0,0,41.7,0,0,0,0,MBMAT15,MA
1139,MA15,37.5,0,0,37.5,0,0,0,0,MBMAT15,MA
1140,MA15,20.8,4.2,0,16.7,0,0,0,4.2,MBMAT15,MA
1141,MA15,41.7,12.5,0,29.2,0,0,0,12.5,MBMAT15,MA
1142,MA15,41.7,0,0,41.7,0,0,0,0,MBMAT15,MA
1143,MA15,41.7,0,0,41.7,0,0,0,0,MBMAT15,MA
1144,MA15,58.3,8.3,0,50,0,0,0,8.3,MBMAT15,MA
1145,MA15,45.8,0,0,45.8,0,0,0,0,MBMAT15,MA
1146,MA15,41.7,0,0,41.7,0,0,0,0,MBMAT15,MA
1147,MA15,50,0,0,50,0,0,0,0,MBMAT15,MA
1148,MA15,54.2,0,0,54.2,0,0,0,0,MBMAT15,MA
1149,MA15,37.5,0,0,37.5,0,0,0,0,MBMAT15,MA
1150,MA15,50,0,0,50,0,0,0,0,MBMAT15,MA
1151,MA15,41.7,0,0,41.7,0,0,0,0,MBMAT15,MA
1152,MA15,4.2,4.2,0,0,0,0,0,4.2,MBMAT15,MA
1153,MA15,16.7,8.3,0,8.3,0,0,0,8.3,MBMAT15,MA
1154,MA15,4.2,4.2,0,0,0,0,0,4.2,MBMAT15,MA
1155,MA15,12.5,8.3,0,4.2,0,0,0,8.3,MBMAT15,MA
1156,MA15,50,0,0,50,0,0,0,0,MBMAT15,MA
1157,MA15,41.7,0,0,41.7,0,0,0,0,MBMAT15,MA
1158,MA15,50,12.5,0,37.5,0,0,0,12.5,MBMAT15,MA
1159,MA15,54.2,4.2,0,50,0,0,0,4.2,MBMAT15,MA
1160,MA15,54.2,16.7,0,37.5,0,0,0,16.7,MBMAT15,MA
1161,MA15,62.5,4.2,0,58.3,0,0,0,4.2,MBMAT15,MA
1162,MA15,50,8.3,0,37.5,4.2,0,0,8.3,MBMAT15,MA
1163,MA15,37.5,8.3,0,20.8,8.3,0,0,8.3,MBMAT15,MA
1164,MA15,45.8,0,0,45.8,0,0,0,0,MBMAT15,MA
1165,MA15,45.8,0,0,45.8,0,0,0,0,MBMAT15,MA
1166,MA15,66.7,12.5,0,41.7,12.5,0,0,12.5,MBMAT15,MA
1167,MA15,41.7,4.2,0,37.5,0,0,0,4.2,MBMAT15,MA
1168,MA15,33.3,0,0,16.7,16.7,0,0,0,MBMAT15,MA
1169,WA02,25,0,0,0,0,25,0,0,MBWAT02,WA
1170,WA02,100,0,0,0,0,100,0,0,MBWAT02,WA
1171,WA02,75,0,0,0,0,75,0,0,MBWAT02,WA
1172,WA02,95.8,0,0,0,0,95.8,0,0,MBWAT02,WA
1173,WA02,45.8,0,0,0,0,45.8,0,0,MBWAT02,WA
1174,WA02,54.2,0,0,0,0,54.2,0,0,MBWAT02,WA
1175,WA02,75,0,0,0,0,75,0,0,MBWAT02,WA
1176,WA02,50,0,0,0,0,50,0,0,MBWAT02,WA
1177,WA02,4.2,0,0,0,0,4.2,0,0,MBWAT02,WA
1178,WA02,41.7,0,0,0,0,41.7,0,0,MBWAT02,WA
1179,WA02,100,0,0,0,0,100,0,0,MBWAT02,WA
1180,WA02,100,0,0,0,0,100,0,0,MBWAT02,WA
1181,WA02,83.3,0,0,0,0,83.3,0,0,MBWAT02,WA
1182,WA02,100,0,0,0,0,100,0,0,MBWAT02,WA
1183,WA02,79.2,0,0,0,0,79.2,0,0,MBWAT02,WA
1184,WA02,83.3,0,0,0,0,83.3,0,0,MBWAT02,WA
1185,WA02,100,0,0,0,0,100,0,0,MBWAT02,WA
1186,WA02,91.7,0,0,0,0,91.7,0,0,MBWAT02,WA
1187,WA02,91.7,0,0,0,0,91.7,0,0,MBWAT02,WA
1188,WA02,100,0,0,0,0,100,0,0,MBWAT02,WA
1189,WA02,87.5,0,0,0,0,87.5,0,0,MBWAT02,WA
1190,WA02,58.3,0,0,0,0,58.3,0,0,MBWAT02,WA
1191,WA02,75,0,0,0,0,75,0,0,MBWAT02,WA
1192,WA02,75,0,0,0,0,75,0,0,MBWAT02,WA
1193,WA02,79.2,0,0,0,0,79.2,0,0,MBWAT02,WA
1194,WA02,79.2,0,0,0,0,79.2,0,0,MBWAT02,WA
1195,WA02,70.8,0,0,0,0,70.8,0,0,MBWAT02,WA
1196,WA02,62.9,0,0,0,0,62.9,0,0,MBWAT02,WA
1197,WA04,45.8,0,0,0,0,0,45.8,0,MBWAT04,WA
1198,WA04,45.8,0,0,0,0,0,45.8,0,MBWAT04,WA
1199,WA04,79.2,0,0,0,0,0,79.2,0,MBWAT04,WA
1200,WA04,8.3,0,0,0,0,0,8.3,0,MBWAT04,WA
1201,WA04,54.2,0,0,0,0,0,54.2,0,MBWAT04,WA
1202,WA04,54.2,0,0,0,0,0,54.2,0,MBWAT04,WA
1203,WA04,54.2,0,0,0,0,0,54.2,0,MBWAT04,WA
1204,WA04,16.7,0,0,0,0,0,16.7,0,MBWAT04,WA
1205,WA04,29.2,0,0,0,0,0,29.2,0,MBWAT04,WA
1206,WA04,54.2,0,0,0,0,0,54.2,0,MBWAT04,WA
1207,WA04,58.3,0,0,0,0,0,58.3,0,MBWAT04,WA
1208,WA04,50,0,0,0,0,0,50,0,MBWAT04,WA
1209,WA04,41.7,0,0,0,0,0,41.7,0,MBWAT04,WA
1210,WA04,58.3,0,0,0,0,0,58.3,0,MBWAT04,WA
1211,WA04,41.7,0,0,0,0,0,41.7,0,MBWAT04,WA
1212,WA04,79.2,0,0,0,0,0,79.2,0,MBWAT04,WA
1213,WA04,75,0,0,0,0,0,75,0,MBWAT04,WA
1214,WA04,29.2,0,0,0,0,0,29.2,0,MBWAT04,WA
1215,WA04,95.8,0,0,0,0,95.8,0,0,MBWAT04,WA
1216,WA04,95.8,0,0,0,0,95.8,0,0,MBWAT04,WA
1217,WA04,87.5,0,0,0,0,87.5,0,0,MBWAT04,WA
1218,WA04,100,0,0,0,0,100,0,0,MBWAT04,WA
1219,WA04,83.3,0,0,0,0,83.3,0,0,MBWAT04,WA
1220,WA04,91.7,0,0,0,0,91.7,0,0,MBWAT04,WA
1221,WA04,33.3,0,0,0,0,4.2,29.2,0,MBWAT04,WA
1222,WA04,37.5,0,0,0,0,0,37.5,0,MBWAT04,WA
1223,WA04,87.5,0,0,0,0,87.5,0,0,MBWAT04,WA
1224,WA04,83.3,0,0,0,0,83.3,0,0,MBWAT04,WA
1225,WA04,87.5,0,0,0,0,87.5,0,0,MBWAT04,WA
1226,WA05,70.8,0,0,0,0,0,70.8,0,MBWAT05,WA
1227,WA05,66.7,0,0,0,0,0,66.7,0,MBWAT05,WA
1228,WA05,16.7,0,0,0,0,0,16.7,0,MBWAT05,WA
1229,WA05,100,0,0,0,0,4.2,95.8,0,MBWAT05,WA
1230,WA05,91.7,0,0,0,0,91.7,0,0,MBWAT05,WA
1231,WA05,79.2,0,0,0,0,79.2,0,0,MBWAT05,WA
1232,WA05,100,0,0,0,0,100,0,0,MBWAT05,WA
1233,WA05,87.5,0,0,0,0,87.5,0,0,MBWAT05,WA
1234,WA05,100,0,0,0,0,100,0,0,MBWAT05,WA
1235,WA05,91.7,0,0,0,0,91.7,0,0,MBWAT05,WA
1236,WA05,58.3,0,0,0,0,58.3,0,0,MBWAT05,WA
1237,WA05,100,0,0,0,0,100,0,0,MBWAT05,WA
1238,WA05,95.8,0,0,0,0,95.8,0,0,MBWAT05,WA
1239,WA05,87.5,0,0,0,0,87.5,0,0,MBWAT05,WA
1240,WA05,91.7,0,0,0,0,91.7,0,0,MBWAT05,WA
1241,WA05,100,0,0,0,0,100,0,0,MBWAT05,WA
1242,WA05,100,0,0,0,0,100,0,0,MBWAT05,WA
1243,WA05,100,0,0,0,0,100,0,0,MBWAT05,WA
1244,WA05,70.8,0,0,0,0,70.8,0,0,MBWAT05,WA
1245,WA05,87.5,0,0,0,0,87.5,0,0,MBWAT05,WA
1246,WA05,95.8,0,0,0,0,95.8,0,0,MBWAT05,WA
1247,WA05,87.5,0,0,0,0,87.5,0,0,MBWAT05,WA
1248,WA05,100,0,0,0,0,100,0,0,MBWAT05,WA
1249,WA05,83.3,0,0,0,0,83.3,0,0,MBWAT05,WA
1250,WA05,91.7,0,0,0,0,91.7,0,0,MBWAT05,WA
1251,WA05,91.7,0,0,0,0,91.7,0,0,MBWAT05,WA
1252,WA05,87.5,0,0,0,0,87.5,0,0,MBWAT05,WA
1253,WA05,87.5,0,0,0,0,87.5,0,0,MBWAT05,WA
1254,WA05,100,0,0,0,0,100,0,0,MBWAT05,WA
1255,WA05,100,0,0,0,0,100,0,0,MBWAT05,WA
1256,WA05,66.7,0,0,0,0,66.7,0,0,MBWAT05,WA
1257,WA05,83.3,0,0,0,0,83.3,0,0,MBWAT05,WA
1258,WA05,95.8,0,0,0,0,95.8,0,0,MBWAT05,WA
1259,WA05,91.7,0,0,0,0,91.7,0,0,MBWAT05,WA
1260,WA05,95.8,0,0,0,0,95.8,0,0,MBWAT05,WA
1261,WA05,87.6,0,0,0,0,82.7,4.9,0,MBWAT05,WA
1262,AM01,20.8,20.8,0,0,0,0,0,20.8,MBAMT01,AM
1263,AM01,12.5,12.5,0,0,0,0,0,12.5,MBAMT01,AM
1264,AM01,25,25,0,0,0,0,0,25,MBAMT01,AM
1265,AM01,29.2,29.2,0,0,0,0,0,29.2,MBAMT01,AM
1266,AM01,37.5,37.5,0,0,0,0,0,37.5,MBAMT01,AM
1267,AM01,37.5,37.5,0,0,0,0,0,37.5,MBAMT01,AM
1268,AM01,33.3,33.3,0,0,0,0,0,33.3,MBAMT01,AM
1269,AM01,66.7,66.7,0,0,0,0,0,66.7,MBAMT01,AM
1270,AM01,7.4,7.4,0,0,0,0,0,7.4,MBAMT01,AM
1271,AM02,54.2,50,0,4.2,0,0,0,50,MBAMT02,AM
1272,AM02,50,50,0,0,0,0,0,50,MBAMT02,AM
1273,AM02,62.5,50,0,12.5,0,0,0,50,MBAMT02,AM
1274,AM02,70.8,70.8,0,0,0,0,0,70.8,MBAMT02,AM
1275,AM02,62.5,58.3,0,4.2,0,0,0,58.3,MBAMT02,AM
1276,AM02,83.3,83.3,0,0,0,0,0,83.3,MBAMT02,AM
1277,AM02,62.5,58.3,0,4.2,0,0,0,58.3,MBAMT02,AM
1278,AM02,83.3,83.3,0,0,0,0,0,83.3,MBAMT02,AM
1279,AM02,75,75,0,0,0,0,0,75,MBAMT02,AM
1280,AM02,45.8,37.5,0,8.3,0,0,0,37.5,MBAMT02,AM
1281,AM02,50,33.3,0,16.7,0,0,0,33.3,MBAMT02,AM
1282,AM02,25,20.8,0,4.2,0,0,0,20.8,MBAMT02,AM
1283,AM02,58.3,54.2,0,4.2,0,0,0,54.2,MBAMT02,AM
1284,AM02,87.5,87.5,0,0,0,0,0,87.5,MBAMT02,AM
1285,AM02,79.2,79.2,0,0,0,0,0,79.2,MBAMT02,AM
1286,AM02,66.7,66.7,0,0,0,0,0,66.7,MBAMT02,AM
1287,AM02,62.5,62.5,0,0,0,0,0,62.5,MBAMT02,AM
1288,AM02,83.3,83.3,0,0,0,0,0,83.3,MBAMT02,AM
1289,AM02,75,75,0,0,0,0,0,75,MBAMT02,AM
1290,AM02,58.3,58.3,0,0,0,0,0,58.3,MBAMT02,AM
1291,AM02,66.7,66.7,0,0,0,0,0,66.7,MBAMT02,AM
1292,AM02,87.5,87.5,0,0,0,0,0,87.5,MBAMT02,AM
1293,AM02,79.2,79.2,0,0,0,0,0,79.2,MBAMT02,AM
1294,AM02,70.8,70.8,0,0,0,0,0,70.8,MBAMT02,AM
1295,AM02,33.3,33.3,0,0,0,0,0,33.3,MBAMT02,AM
1296,AM02,87.5,87.5,0,0,0,0,0,87.5,MBAMT02,AM
1297,AM02,50,50,0,0,0,0,0,50,MBAMT02,AM
1298,AM02,45.8,45.8,0,0,0,0,0,45.8,MBAMT02,AM
1299,AM02,54.2,54.2,0,0,0,0,0,54.2,MBAMT02,AM
1300,AM02,45.8,45.8,0,0,0,0,0,45.8,MBAMT02,AM
1301,AM02,50,50,0,0,0,0,0,50,MBAMT02,AM
1302,AM02,12.5,12.5,0,0,0,0,0,12.5,MBAMT02,AM
1303,AM02,33.3,25,0,8.3,0,0,0,25,MBAMT02,AM
1304,AM02,59.1,56.9,0,2.2,0,0,0,56.9,MBAMT02,AM
1305,AM03,4.2,4.2,0,0,0,0,0,4.2,MBAMT03,AM
1306,AM03,4.2,4.2,0,0,0,0,0,4.2,MBAMT03,AM
1307,AM03,12.5,12.5,0,0,0,0,0,12.5,MBAMT03,AM
1308,AM03,12.5,12.5,0,0,0,0,0,12.5,MBAMT03,AM
1309,AM03,37.5,33.3,0,4.2,0,0,0,33.3,MBAMT03,AM
1310,AM03,37.5,37.5,0,0,0,0,0,37.5,MBAMT03,AM
1311,AM03,33.3,33.3,0,0,0,0,0,33.3,MBAMT03,AM
1312,AM03,16.7,16.7,0,0,0,0,0,16.7,MBAMT03,AM
1313,AM03,12.5,12.5,0,0,0,0,0,12.5,MBAMT03,AM
1314,AM03,12.5,12.5,0,0,0,0,0,12.5,MBAMT03,AM
1315,AM03,16.7,12.5,0,4.2,0,0,0,12.5,MBAMT03,AM
1316,AM03,20.8,8.3,0,0,12.5,0,0,8.3,MBAMT03,AM
1317,AM03,20.8,0,0,0,20.8,0,0,0,MBAMT03,AM
1318,AM03,20.8,4.2,0,0,16.7,0,0,4.2,MBAMT03,AM
1319,AM03,20.8,0,0,0,20.8,0,0,0,MBAMT03,AM
1320,AM03,12.5,8.3,0,0,4.2,0,0,8.3,MBAMT03,AM
1321,AM03,12.5,12.5,0,0,0,0,0,12.5,MBAMT03,AM
1322,AM03,16.7,16.7,0,0,0,0,0,16.7,MBAMT03,AM
1323,AM03,33.3,33.3,0,0,0,0,0,33.3,MBAMT03,AM
1324,AM03,33.3,33.3,0,0,0,0,0,33.3,MBAMT03,AM
1325,AM03,37.5,37.5,0,0,0,0,0,37.5,MBAMT03,AM
1326,AM03,37.5,37.5,0,0,0,0,0,37.5,MBAMT03,AM
1327,AM03,20.8,12.5,0,4.2,4.2,0,0,12.5,MBAMT03,AM
1328,AM03,16.7,16.7,0,0,0,0,0,16.7,MBAMT03,AM
1329,AM03,16.7,16.7,0,0,0,0,0,16.7,MBAMT03,AM
1330,AM03,16.7,0,0,0,16.7,0,0,0,MBAMT03,AM
1331,AM03,20.8,0,0,0,20.8,0,0,0,MBAMT03,AM
1332,AM03,25,0,0,0,25,0,0,0,MBAMT03,AM
1333,AM03,17.3,12.7,0,0.2,4.3,0,0,12.7,MBAMT03,AM
1334,AM04,45.8,45.8,0,0,0,0,0,45.8,MBAMT04,AM
1335,AM04,45.8,29.2,0,16.7,0,0,0,29.2,MBAMT04,AM
1336,AM04,25,8.3,0,16.7,0,0,0,8.3,MBAMT04,AM
1337,AM04,37.5,29.2,0,8.3,0,0,0,29.2,MBAMT04,AM
1338,AM04,45.8,41.7,0,4.2,0,0,0,41.7,MBAMT04,AM
1339,AM04,37.5,20.8,0,16.7,0,0,0,20.8,MBAMT04,AM
1340,AM04,70.8,58.3,0,12.5,0,0,0,58.3,MBAMT04,AM
1341,AM04,50,45.8,0,4.2,0,0,0,45.8,MBAMT04,AM
1342,AM04,58.3,50,0,8.3,0,0,0,50,MBAMT04,AM
1343,AM04,54.2,41.7,0,12.5,0,0,0,41.7,MBAMT04,AM
1344,AM04,45.8,41.7,0,4.2,0,0,0,41.7,MBAMT04,AM
1345,AM04,66.7,54.2,0,12.5,0,0,0,54.2,MBAMT04,AM
1346,AM04,58.3,54.2,0,4.2,0,0,0,54.2,MBAMT04,AM
1347,AM04,54.2,50,0,4.2,0,0,0,50,MBAMT04,AM
1348,AM04,25,16.7,0,8.3,0,0,0,16.7,MBAMT04,AM
1349,AM04,37.5,33.3,0,4.2,0,0,0,33.3,MBAMT04,AM
1350,AM04,54.2,25,0,29.2,0,0,0,25,MBAMT04,AM
1351,AM04,37.5,37.5,0,0,0,0,0,37.5,MBAMT04,AM
1352,AM04,41.7,41.7,0,0,0,0,0,41.7,MBAMT04,AM
1353,AM04,4.2,4.2,0,0,0,0,0,4.2,MBAMT04,AM
1354,AM04,8.3,8.3,0,0,0,0,0,8.3,MBAMT04,AM
1355,AM04,8.3,8.3,0,0,0,0,0,8.3,MBAMT04,AM
1356,AM04,4.2,4.2,0,0,0,0,0,4.2,MBAMT04,AM
1357,AM04,33.3,33.3,0,0,0,0,0,33.3,MBAMT04,AM
1358,AM04,33.3,33.3,0,0,0,0,0,33.3,MBAMT04,AM
1359,AM04,33.3,33.3,0,0,0,0,0,33.3,MBAMT04,AM
1360,AM04,25,25,0,0,0,0,0,25,MBAMT04,AM
1361,AM04,33.3,33.3,0,0,0,0,0,33.3,MBAMT04,AM
1362,AM04,29.2,29.2,0,0,0,0,0,29.2,MBAMT04,AM
1363,MO15,8.3,0,0,8.3,0,0,0,0,MBMOT15,MO
1364,MO15,4.2,0,0,4.2,0,0,0,0,MBMOT15,MO
1365,MO15,12.5,0,0,12.5,0,0,0,0,MBMOT15,MO
1366,MO15,20.8,0,0,20.8,0,0,0,0,MBMOT15,MO
1367,MO15,4.2,0,0,0,4.2,0,0,0,MBMOT15,MO
1368,MO15,8.3,0,0,4.2,4.2,0,0,0,MBMOT15,MO
1369,MO15,20.8,0,0,20.8,0,0,0,0,MBMOT15,MO
1370,MO15,8.3,0,0,4.2,4.2,0,0,0,MBMOT15,MO
1371,MO15,16.7,0,0,0,16.7,0,0,0,MBMOT15,MO
1372,MO15,16.7,0,0,16.7,0,0,0,0,MBMOT15,MO
1373,MO15,8.3,0,0,4.2,4.2,0,0,0,MBMOT15,MO
1374,MO15,12.5,0,0,8.3,4.2,0,0,0,MBMOT15,MO
1375,MO15,12.5,0,0,4.2,8.3,0,0,0,MBMOT15,MO
1376,MO15,8.3,0,0,4.2,4.2,0,0,0,MBMOT15,MO
1377,MO15,4.2,0,0,0,4.2,0,0,0,MBMOT15,MO
1378,MO15,16.7,0,0,0,16.7,0,0,0,MBMOT15,MO
1379,MO15,4.2,0,0,0,4.2,0,0,0,MBMOT15,MO
1380,MO15,12.5,0,0,4.2,8.3,0,0,0,MBMOT15,MO
1381,MO15,4.2,0,0,4.2,0,0,0,0,MBMOT15,MO
1382,MO15,12.5,0,0,0,12.5,0,0,0,MBMOT15,MO
1383,MO15,20.8,0,0,16.7,4.2,0,0,0,MBMOT15,MO
1384,MO15,4.2,0,0,4.2,0,0,0,0,MBMOT15,MO
1385,MO15,16.7,0,0,8.3,8.3,0,0,0,MBMOT15,MO
1386,MO15,16.7,0,0,8.3,8.3,0,0,0,MBMOT15,MO
1387,MO15,8.3,0,0,4.2,4.2,0,0,0,MBMOT15,MO
1388,MO15,16.7,0,0,8.3,8.3,0,0,0,MBMOT15,MO
1389,MO15,8.3,0,0,8.3,0,0,0,0,MBMOT15,MO
1390,MO15,4.2,0,0,4.2,0,0,0,0,MBMOT15,MO
1391,MO15,16.7,0,0,16.7,0,0,0,0,MBMOT15,MO
1392,MO15,16.7,0,0,16.7,0,0,0,0,MBMOT15,MO
1393,MO15,11.1,0,0,6.8,4.3,0,0,0,MBMOT15,MO
1394,AM18,37.5,0,0,29.2,8.3,0,0,0,MBAMT18,AM
1395,AM18,29.2,0,0,29.2,0,0,0,0,MBAMT18,AM
1396,AM18,37.5,0,0,37.5,0,0,0,0,MBAMT18,AM
1397,AM18,12.5,0,0,12.5,0,0,0,0,MBAMT18,AM
1398,AM18,20.8,0,0,16.7,4.2,0,0,0,MBAMT18,AM
1399,AM18,20.8,0,0,8.3,12.5,0,0,0,MBAMT18,AM
1400,AM18,25,0,0,16.7,8.3,0,0,0,MBAMT18,AM
1401,AM18,16.7,0,0,12.5,4.2,0,0,0,MBAMT18,AM
1402,AM18,20.8,0,0,12.5,8.3,0,0,0,MBAMT18,AM
1403,AM18,25,0,0,0,25,0,0,0,MBAMT18,AM
1404,AM18,25,0,0,12.5,12.5,0,0,0,MBAMT18,AM
1405,AM18,29.2,0,0,8.3,20.8,0,0,0,MBAMT18,AM
1406,AM18,12.5,0,0,12.5,0,0,0,0,MBAMT18,AM
1407,AM18,29.2,0,0,25,4.2,0,0,0,MBAMT18,AM
1408,AM18,16.7,0,0,8.3,8.3,0,0,0,MBAMT18,AM
1409,AM18,8.3,0,0,8.3,0,0,0,0,MBAMT18,AM
1410,AM18,37.5,0,0,16.7,20.8,0,0,0,MBAMT18,AM
1411,AM18,25,0,0,12.5,12.5,0,0,0,MBAMT18,AM
1412,AM18,12.5,0,0,0,12.5,0,0,0,MBAMT18,AM
1413,AM18,16.7,0,0,0,16.7,0,0,0,MBAMT18,AM
1414,AM18,8.3,0,0,0,8.3,0,0,0,MBAMT18,AM
1415,AM18,25,0,0,0,25,0,0,0,MBAMT18,AM
1416,AM18,16.7,0,0,0,16.7,0,0,0,MBAMT18,AM
1417,AM18,16.7,0,0,4.2,0,0,12.5,0,MBAMT18,AM
1418,AM18,4.2,0,0,0,4.2,0,0,0,MBAMT18,AM
1419,AM18,4.2,0,0,0,4.2,0,0,0,MBAMT18,AM
1420,AM18,8.3,0,0,0,8.3,0,0,0,MBAMT18,AM
1421,AM18,16.7,0,0,0,16.7,0,0,0,MBAMT18,AM
1422,AM18,8.3,0,0,0,8.3,0,0,0,MBAMT18,AM
1423,AM18,20.8,0,0,0,20.8,0,0,0,MBAMT18,AM
1424,AM18,16.7,0,0,4.2,12.5,0,0,0,MBAMT18,AM
1425,AM18,4.2,0,0,0,4.2,0,0,0,MBAMT18,AM
1426,MA06,8.3,0,0,8.3,0,0,0,0,MBMAT06,MA
1427,MA06,12.5,0,0,12.5,0,0,0,0,MBMAT06,MA
1428,MA06,8.3,0,0,8.3,0,0,0,0,MBMAT06,MA
1429,MA06,4.2,0,0,4.2,0,0,0,0,MBMAT06,MA
1430,MA06,4.2,0,0,4.2,0,0,0,0,MBMAT06,MA
1431,MA06,12.5,0,0,12.5,0,0,0,0,MBMAT06,MA
1432,MA06,12.5,0,0,12.5,0,0,0,0,MBMAT06,MA
1433,MA06,8.3,0,0,8.3,0,0,0,0,MBMAT06,MA
1434,MA06,4.2,0,0,4.2,0,0,0,0,MBMAT06,MA
1435,MA06,20.8,0,0,20.8,0,0,0,0,MBMAT06,MA
1436,MA06,8.3,0,0,8.3,0,0,0,0,MBMAT06,MA
1437,MA06,12.5,0,0,12.5,0,0,0,0,MBMAT06,MA
1438,MA06,12.5,0,4.2,8.3,0,0,0,4.2,MBMAT06,MA
1439,MA06,20.8,0,0,20.8,0,0,0,0,MBMAT06,MA
1440,MA06,12.5,0,0,12.5,0,0,0,0,MBMAT06,MA
1441,MA06,4.2,0,0,4.2,0,0,0,0,MBMAT06,MA
1442,MA06,12.5,0,0,12.5,0,0,0,0,MBMAT06,MA
1443,MA06,8.3,0,0,0,8.3,0,0,0,MBMAT06,MA
1444,MA06,25,0,0,25,0,0,0,0,MBMAT06,MA
1445,MA06,4.2,0,0,4.2,0,0,0,0,MBMAT06,MA
1446,MA06,8.3,0,0,8.3,0,0,0,0,MBMAT06,MA
1447,MA06,8.3,0,0,8.3,0,0,0,0,MBMAT06,MA
1448,MA06,16.7,0,4.2,12.5,0,0,0,4.2,MBMAT06,MA
1449,MA06,20.8,0,4.2,12.5,4.2,0,0,4.2,MBMAT06,MA
1450,MA06,8.3,0,0,8.3,0,0,0,0,MBMAT06,MA
1451,MA06,12.5,0,4.2,8.3,0,0,0,4.2,MBMAT06,MA
1452,MA06,8.3,0,0,8.3,0,0,0,0,MBMAT06,MA
1453,MA06,33.3,0,20.8,12.5,0,0,0,20.8,MBMAT06,MA
1454,MA06,12.5,0,8.3,4.2,0,0,0,8.3,MBMAT06,MA
1455,MA06,20.8,0,12.5,8.3,0,0,0,12.5,MBMAT06,MA
1456,MA11,45.8,0,0,45.8,0,0,0,0,MBMAT11,MA
1457,MA11,8.3,0,0,8.3,0,0,0,0,MBMAT11,MA
1458,MA11,29.2,0,0,29.2,0,0,0,0,MBMAT11,MA
1459,MA11,62.5,0,4.2,58.3,0,0,0,4.2,MBMAT11,MA
1460,MA11,29.2,0,0,29.2,0,0,0,0,MBMAT11,MA
1461,MA11,20.8,0,0,20.8,0,0,0,0,MBMAT11,MA
1462,MA11,12.5,0,4.2,8.3,0,0,0,4.2,MBMAT11,MA
1463,MA11,54.2,0,4.2,50,0,0,0,4.2,MBMAT11,MA
1464,MA11,45.8,0,0,45.8,0,0,0,0,MBMAT11,MA
1465,MA11,12.5,0,0,12.5,0,0,0,0,MBMAT11,MA
1466,MA11,41.7,0,0,41.7,0,0,0,0,MBMAT11,MA
1467,MA11,16.7,0,0,16.7,0,0,0,0,MBMAT11,MA
1468,MA11,54.2,0,0,50,4.2,0,0,0,MBMAT11,MA
1469,MA11,41.7,0,0,41.7,0,0,0,0,MBMAT11,MA
1470,MA11,58.3,0,0,58.3,0,0,0,0,MBMAT11,MA
1471,MA11,54.2,0,0,54.2,0,0,0,0,MBMAT11,MA
1472,MA11,33.3,0,0,33.3,0,0,0,0,MBMAT11,MA
1473,MA11,16.7,0,0,16.7,0,0,0,0,MBMAT11,MA
1474,MA11,25,0,0,16.7,8.3,0,0,0,MBMAT11,MA
1475,MA11,8.3,0,8.3,0,0,0,0,8.3,MBMAT11,MA
1476,MA11,16.7,0,12.5,4.2,0,0,0,12.5,MBMAT11,MA
1477,MA11,29.2,0,0,29.2,0,0,0,0,MBMAT11,MA
1478,MA11,8.3,0,0,8.3,0,0,0,0,MBMAT11,MA
1479,MA11,4.2,0,0,4.2,0,0,0,0,MBMAT11,MA
1480,MA11,12.5,0,4.2,8.3,0,0,0,4.2,MBMAT11,MA
1481,MA11,16.7,0,0,16.7,0,0,0,0,MBMAT11,MA
1482,MA11,33.3,0,0,33.3,0,0,0,0,MBMAT11,MA
1483,MA11,41.7,0,0,41.7,0,0,0,0,MBMAT11,MA
1484,MA11,29.2,0,0,29.2,0,0,0,0,MBMAT11,MA
1485,MA11,29.2,0,0,29.2,0,0,0,0,MBMAT11,MA
1486,MA11,50,0,0,50,0,0,0,0,MBMAT11,MA
1487,MA11,33.3,0,0,33.3,0,0,0,0,MBMAT11,MA
1488,MA11,4.2,0,4.2,0,0,0,0,4.2,MBMAT11,MA
1489,MA11,12.5,0,12.5,0,0,0,0,12.5,MBMAT11,MA
1490,MA11,29,0.1,2.3,26.4,0.3,0,0,2.4,MBMAT11,MA
1491,PE00,79.2,58.3,0,20.8,0,0,0,58.3,MBPET00,PE
1492,PE00,87.5,79.2,0,8.3,0,0,0,79.2,MBPET00,PE
1493,PE00,70.8,37.5,0,33.3,0,0,0,37.5,MBPET00,PE
1494,PE00,79.2,70.8,0,8.3,0,0,0,70.8,MBPET00,PE
1495,PE00,83.3,62.5,0,20.8,0,0,0,62.5,MBPET00,PE
1496,PE00,75,58.3,0,16.7,0,0,0,58.3,MBPET00,PE
1497,PE00,79.2,58.3,0,20.8,0,0,0,58.3,MBPET00,PE
1498,PE00,79.2,75,0,4.2,0,0,0,75,MBPET00,PE
1499,PE00,79.2,70.8,0,8.3,0,0,0,70.8,MBPET00,PE
1500,PE00,91.7,75,0,16.7,0,0,0,75,MBPET00,PE
1501,PE00,95.8,75,0,20.8,0,0,0,75,MBPET00,PE
1502,PE00,91.7,91.7,0,0,0,0,0,91.7,MBPET00,PE
1503,PE00,87.5,70.8,0,16.7,0,0,0,70.8,MBPET00,PE
1504,PE00,75,62.5,0,12.5,0,0,0,62.5,MBPET00,PE
1505,PE00,37.5,37.5,0,0,0,0,0,37.5,MBPET00,PE
1506,PE00,41.7,41.7,0,0,0,0,0,41.7,MBPET00,PE
1507,PE00,8.3,8.3,0,0,0,0,0,8.3,MBPET00,PE
1508,PE00,20.8,16.7,0,4.2,0,0,0,16.7,MBPET00,PE
1509,PE00,37.5,28.3,0,6.2,0,0,3.1,28.3,MBPET00,PE
